#
# There is insufficient memory for the Java Runtime Environment to continue.
# Native memory allocation (malloc) failed to allocate 727424 bytes. Error detail: Chunk::new
# Possible reasons:
#   The system is out of physical RAM or swap space
#   This process is running with CompressedOops enabled, and the Java Heap may be blocking the growth of the native heap
# Possible solutions:
#   Reduce memory load on the system
#   Increase physical memory or swap space
#   Check if swap backing store is full
#   Decrease Java heap size (-Xmx/-Xms)
#   Decrease number of Java threads
#   Decrease Java thread stack sizes (-Xss)
#   Set larger code cache with -XX:ReservedCodeCacheSize=
#   JVM is running with Unscaled Compressed Oops mode in which the Java heap is
#     placed in the first 4GB address space. The Java Heap base address is the
#     maximum limit for the native heap growth. Please use -XX:HeapBaseMinAddress
#     to set the Java Heap base and to place the Java Heap above 4GB virtual address.
# This output file may be truncated or incomplete.
#
#  Out of Memory Error (arena.cpp:168), pid=11484, tid=41360
#
# JRE version: OpenJDK Runtime Environment (21.0.8) (build 21.0.8+-14196175-b1038.72)
# Java VM: OpenJDK 64-Bit Server VM (21.0.8+-14196175-b1038.72, mixed mode, tiered, compressed oops, compressed class ptrs, g1 gc, windows-amd64)
# No core dump will be written. Minidumps are not enabled by default on client versions of Windows
#

---------------  S U M M A R Y ------------

Command Line: --add-opens=java.base/java.lang=ALL-UNNAMED --add-opens=java.base/java.lang.invoke=ALL-UNNAMED --add-opens=java.base/java.util=ALL-UNNAMED --add-opens=java.prefs/java.util.prefs=ALL-UNNAMED --add-exports=jdk.compiler/com.sun.tools.javac.api=ALL-UNNAMED --add-exports=jdk.compiler/com.sun.tools.javac.util=ALL-UNNAMED --add-opens=java.base/java.util=ALL-UNNAMED --add-opens=java.prefs/java.util.prefs=ALL-UNNAMED --add-opens=java.base/java.nio.charset=ALL-UNNAMED --add-opens=java.base/java.net=ALL-UNNAMED --add-opens=java.base/java.util.concurrent.atomic=ALL-UNNAMED --add-opens=java.xml/javax.xml.namespace=ALL-UNNAMED -Xmx2048m -Dfile.encoding=UTF-8 -Duser.country=US -Duser.language=en -Duser.variant -javaagent:C:\Users\Maheen\.gradle\wrapper\dists\gradle-8.13-bin\5xuhj0ry160q40clulazy9h7d\gradle-8.13\lib\agents\gradle-instrumentation-agent-8.13.jar org.gradle.launcher.daemon.bootstrap.GradleDaemon 8.13

Host: Intel(R) Core(TM) i5-8250U CPU @ 1.60GHz, 8 cores, 7G,  Windows 11 , 64 bit Build 26100 (10.0.26100.7019)
Time: Sat Nov 29 17:16:35 2025 Pakistan Standard Time elapsed time: 42.011207 seconds (0d 0h 0m 42s)

---------------  T H R E A D  ---------------

Current thread (0x00000124d35a9670):  JavaThread "C2 CompilerThread0" daemon [_thread_in_native, id=41360, stack(0x00000021b7900000,0x00000021b7a00000) (1024K)]


Current CompileTask:
C2:42011 10840   !   4       java.net.URLClassLoader::defineClass (224 bytes)

Stack: [0x00000021b7900000,0x00000021b7a00000]
Native frames: (J=compiled Java code, j=interpreted, Vv=VM code, C=native code)
V  [jvm.dll+0x6d68d9]
V  [jvm.dll+0x866693]
V  [jvm.dll+0x868c4e]
V  [jvm.dll+0x869333]
V  [jvm.dll+0x280566]
V  [jvm.dll+0xc07cd]
V  [jvm.dll+0xc0d03]
V  [jvm.dll+0x3b961b]
V  [jvm.dll+0x385507]
V  [jvm.dll+0x38497a]
V  [jvm.dll+0x249252]
V  [jvm.dll+0x248821]
V  [jvm.dll+0x1c73a4]
V  [jvm.dll+0x257f9e]
V  [jvm.dll+0x2564e6]
V  [jvm.dll+0x3f4696]
V  [jvm.dll+0x80eac8]
V  [jvm.dll+0x6d512d]
C  [ucrtbase.dll+0x37b0]
C  [KERNEL32.DLL+0x2e8d7]
C  [ntdll.dll+0x8c53c]


---------------  P R O C E S S  ---------------

Threads class SMR info:
_java_thread_list=0x00000124dbfd4e10, length=76, elements={
0x00000124bbca8b30, 0x00000124d35492d0, 0x00000124d354dd50, 0x00000124d3576690,
0x00000124d357b450, 0x00000124d357beb0, 0x00000124d357d480, 0x00000124d359ff60,
0x00000124d35a9670, 0x00000124d35abd30, 0x00000124d3867c50, 0x00000124d88a3940,
0x00000124d81efb30, 0x00000124d831c4c0, 0x00000124d97a11b0, 0x00000124d97a1820,
0x00000124d99db6c0, 0x00000124d9a2c590, 0x00000124d9a608d0, 0x00000124d9a5fbb0,
0x00000124d9a61c80, 0x00000124d9a5ee90, 0x00000124d9a5e800, 0x00000124d9a5f520,
0x00000124d9a60f60, 0x00000124d9a615f0, 0x00000124daa57740, 0x00000124daa5a530,
0x00000124daa59180, 0x00000124daa57dd0, 0x00000124daa58af0, 0x00000124daa59810,
0x00000124daa5b250, 0x00000124daa5e040, 0x00000124daa5e6d0, 0x00000124daa5bf70,
0x00000124daa5c600, 0x00000124daa5cc90, 0x00000124daa5d320, 0x00000124daa5d9b0,
0x00000124d8fb3f40, 0x00000124d8fb3220, 0x00000124d8fb52f0, 0x00000124d8fb45d0,
0x00000124d8fb38b0, 0x00000124d8fb4c60, 0x00000124d8fb1e70, 0x00000124d8fb2b90,
0x00000124d8fb5980, 0x00000124d8fb2500, 0x00000124d8fb66a0, 0x00000124d8fb6d30,
0x00000124d8fb73c0, 0x00000124d8fb7a50, 0x00000124d8fb8770, 0x00000124da174ae0,
0x00000124da173dc0, 0x00000124da175170, 0x00000124da174450, 0x00000124da175800,
0x00000124da175e90, 0x00000124da172a10, 0x00000124da176520, 0x00000124da1730a0,
0x00000124da1799a0, 0x00000124da1785f0, 0x00000124da1778d0, 0x00000124da177240,
0x00000124da177f60, 0x00000124da17a030, 0x00000124da176bb0, 0x00000124da903550,
0x00000124da900760, 0x00000124da900df0, 0x00000124da901b10, 0x00000124da902830
}

Java Threads: ( => current thread )
  0x00000124bbca8b30 JavaThread "main"                              [_thread_blocked, id=17740, stack(0x00000021b6a00000,0x00000021b6b00000) (1024K)]
  0x00000124d35492d0 JavaThread "Common-Cleaner"             daemon [_thread_blocked, id=23264, stack(0x00000021b7200000,0x00000021b7300000) (1024K)]
  0x00000124d354dd50 JavaThread "Reference Handler"          daemon [_thread_blocked, id=9396, stack(0x00000021b7300000,0x00000021b7400000) (1024K)]
  0x00000124d3576690 JavaThread "Finalizer"                  daemon [_thread_blocked, id=35056, stack(0x00000021b7400000,0x00000021b7500000) (1024K)]
  0x00000124d357b450 JavaThread "Signal Dispatcher"          daemon [_thread_blocked, id=26652, stack(0x00000021b7500000,0x00000021b7600000) (1024K)]
  0x00000124d357beb0 JavaThread "Attach Listener"            daemon [_thread_blocked, id=35744, stack(0x00000021b7600000,0x00000021b7700000) (1024K)]
  0x00000124d357d480 JavaThread "Service Thread"             daemon [_thread_blocked, id=31504, stack(0x00000021b7700000,0x00000021b7800000) (1024K)]
  0x00000124d359ff60 JavaThread "Monitor Deflation Thread"   daemon [_thread_blocked, id=31984, stack(0x00000021b7800000,0x00000021b7900000) (1024K)]
=>0x00000124d35a9670 JavaThread "C2 CompilerThread0"         daemon [_thread_in_native, id=41360, stack(0x00000021b7900000,0x00000021b7a00000) (1024K)]
  0x00000124d35abd30 JavaThread "C1 CompilerThread0"         daemon [_thread_blocked, id=24840, stack(0x00000021b7a00000,0x00000021b7b00000) (1024K)]
  0x00000124d3867c50 JavaThread "Notification Thread"        daemon [_thread_blocked, id=41604, stack(0x00000021b7b00000,0x00000021b7c00000) (1024K)]
  0x00000124d88a3940 JavaThread "Daemon health stats"               [_thread_blocked, id=29008, stack(0x00000021b8400000,0x00000021b8500000) (1024K)]
  0x00000124d81efb30 JavaThread "Incoming local TCP Connector on port 64508"        [_thread_in_native, id=40524, stack(0x00000021b7c00000,0x00000021b7d00000) (1024K)]
  0x00000124d831c4c0 JavaThread "Daemon periodic checks"            [_thread_blocked, id=24412, stack(0x00000021b8500000,0x00000021b8600000) (1024K)]
  0x00000124d97a11b0 JavaThread "Daemon"                            [_thread_blocked, id=40600, stack(0x00000021b8600000,0x00000021b8700000) (1024K)]
  0x00000124d97a1820 JavaThread "Handler for socket connection from /127.0.0.1:64508 to /127.0.0.1:64509"        [_thread_in_native, id=42684, stack(0x00000021b8700000,0x00000021b8800000) (1024K)]
  0x00000124d99db6c0 JavaThread "Cancel handler"                    [_thread_blocked, id=40172, stack(0x00000021b8800000,0x00000021b8900000) (1024K)]
  0x00000124d9a2c590 JavaThread "Daemon worker"                     [_thread_in_native, id=42816, stack(0x00000021b8900000,0x00000021b8a00000) (1024K)]
  0x00000124d9a608d0 JavaThread "Asynchronous log dispatcher for DefaultDaemonConnection: socket connection from /127.0.0.1:64508 to /127.0.0.1:64509"        [_thread_blocked, id=23488, stack(0x00000021b8a00000,0x00000021b8b00000) (1024K)]
  0x00000124d9a5fbb0 JavaThread "Stdin handler"                     [_thread_blocked, id=38788, stack(0x00000021b8b00000,0x00000021b8c00000) (1024K)]
  0x00000124d9a61c80 JavaThread "Daemon client event forwarder"        [_thread_blocked, id=2780, stack(0x00000021b8c00000,0x00000021b8d00000) (1024K)]
  0x00000124d9a5ee90 JavaThread "Cache worker for journal cache (C:\Users\Maheen\.gradle\caches\journal-1)"        [_thread_blocked, id=36752, stack(0x00000021b8e00000,0x00000021b8f00000) (1024K)]
  0x00000124d9a5e800 JavaThread "File lock request listener"        [_thread_in_native, id=41116, stack(0x00000021b8f00000,0x00000021b9000000) (1024K)]
  0x00000124d9a5f520 JavaThread "Cache worker for file hash cache (C:\Users\Maheen\.gradle\caches\8.13\fileHashes)"        [_thread_blocked, id=40772, stack(0x00000021b9100000,0x00000021b9200000) (1024K)]
  0x00000124d9a60f60 JavaThread "Cache worker for file hash cache (C:\Users\Maheen\StudioProjects\Unit-Converter\.gradle\8.13\fileHashes)"        [_thread_blocked, id=10464, stack(0x00000021b9200000,0x00000021b9300000) (1024K)]
  0x00000124d9a615f0 JavaThread "Cache worker for Build Output Cleanup Cache (C:\Users\Maheen\StudioProjects\Unit-Converter\.gradle\buildOutputCleanup)"        [_thread_blocked, id=42080, stack(0x00000021b9300000,0x00000021b9400000) (1024K)]
  0x00000124daa57740 JavaThread "File watcher server"        daemon [_thread_in_native, id=41508, stack(0x00000021b9400000,0x00000021b9500000) (1024K)]
  0x00000124daa5a530 JavaThread "File watcher consumer"      daemon [_thread_blocked, id=9756, stack(0x00000021b9500000,0x00000021b9600000) (1024K)]
  0x00000124daa59180 JavaThread "jar transforms"                    [_thread_blocked, id=40876, stack(0x00000021b9600000,0x00000021b9700000) (1024K)]
  0x00000124daa57dd0 JavaThread "jar transforms Thread 2"           [_thread_blocked, id=32212, stack(0x00000021b9700000,0x00000021b9800000) (1024K)]
  0x00000124daa58af0 JavaThread "Cache worker for checksums cache (C:\Users\Maheen\StudioProjects\Unit-Converter\.gradle\8.13\checksums)"        [_thread_blocked, id=13296, stack(0x00000021b9800000,0x00000021b9900000) (1024K)]
  0x00000124daa59810 JavaThread "Cache worker for file content cache (C:\Users\Maheen\.gradle\caches\8.13\fileContent)"        [_thread_blocked, id=42052, stack(0x00000021b9900000,0x00000021b9a00000) (1024K)]
  0x00000124daa5b250 JavaThread "jar transforms Thread 3"           [_thread_blocked, id=28608, stack(0x00000021b9a00000,0x00000021b9b00000) (1024K)]
  0x00000124daa5e040 JavaThread "Cache worker for cache directory md-supplier (C:\Users\Maheen\.gradle\caches\8.13\md-supplier)"        [_thread_blocked, id=36204, stack(0x00000021b9b00000,0x00000021b9c00000) (1024K)]
  0x00000124daa5e6d0 JavaThread "Cache worker for cache directory md-rule (C:\Users\Maheen\.gradle\caches\8.13\md-rule)"        [_thread_blocked, id=18756, stack(0x00000021b9c00000,0x00000021b9d00000) (1024K)]
  0x00000124daa5bf70 JavaThread "Unconstrained build operations"        [_thread_blocked, id=20652, stack(0x00000021b9d00000,0x00000021b9e00000) (1024K)]
  0x00000124daa5c600 JavaThread "Unconstrained build operations Thread 2"        [_thread_blocked, id=41208, stack(0x00000021b9e00000,0x00000021b9f00000) (1024K)]
  0x00000124daa5cc90 JavaThread "Unconstrained build operations Thread 3"        [_thread_blocked, id=41688, stack(0x00000021b9f00000,0x00000021ba000000) (1024K)]
  0x00000124daa5d320 JavaThread "Unconstrained build operations Thread 4"        [_thread_blocked, id=32520, stack(0x00000021ba000000,0x00000021ba100000) (1024K)]
  0x00000124daa5d9b0 JavaThread "Unconstrained build operations Thread 5"        [_thread_blocked, id=11752, stack(0x00000021ba100000,0x00000021ba200000) (1024K)]
  0x00000124d8fb3f40 JavaThread "Unconstrained build operations Thread 6"        [_thread_blocked, id=11276, stack(0x00000021ba200000,0x00000021ba300000) (1024K)]
  0x00000124d8fb3220 JavaThread "Unconstrained build operations Thread 7"        [_thread_blocked, id=10260, stack(0x00000021ba300000,0x00000021ba400000) (1024K)]
  0x00000124d8fb52f0 JavaThread "Unconstrained build operations Thread 8"        [_thread_blocked, id=33712, stack(0x00000021ba400000,0x00000021ba500000) (1024K)]
  0x00000124d8fb45d0 JavaThread "Unconstrained build operations Thread 9"        [_thread_blocked, id=22908, stack(0x00000021ba500000,0x00000021ba600000) (1024K)]
  0x00000124d8fb38b0 JavaThread "Unconstrained build operations Thread 10"        [_thread_blocked, id=24420, stack(0x00000021ba600000,0x00000021ba700000) (1024K)]
  0x00000124d8fb4c60 JavaThread "jar transforms Thread 4"           [_thread_blocked, id=30916, stack(0x00000021ba700000,0x00000021ba800000) (1024K)]
  0x00000124d8fb1e70 JavaThread "jar transforms Thread 5"           [_thread_blocked, id=6968, stack(0x00000021ba800000,0x00000021ba900000) (1024K)]
  0x00000124d8fb2b90 JavaThread "Unconstrained build operations Thread 11"        [_thread_blocked, id=6420, stack(0x00000021ba900000,0x00000021baa00000) (1024K)]
  0x00000124d8fb5980 JavaThread "Unconstrained build operations Thread 12"        [_thread_blocked, id=41612, stack(0x00000021baa00000,0x00000021bab00000) (1024K)]
  0x00000124d8fb2500 JavaThread "Unconstrained build operations Thread 13"        [_thread_blocked, id=32460, stack(0x00000021bab00000,0x00000021bac00000) (1024K)]
  0x00000124d8fb66a0 JavaThread "Unconstrained build operations Thread 14"        [_thread_blocked, id=11884, stack(0x00000021bac00000,0x00000021bad00000) (1024K)]
  0x00000124d8fb6d30 JavaThread "Unconstrained build operations Thread 15"        [_thread_blocked, id=41192, stack(0x00000021bad00000,0x00000021bae00000) (1024K)]
  0x00000124d8fb73c0 JavaThread "jar transforms Thread 6"           [_thread_blocked, id=40544, stack(0x00000021bae00000,0x00000021baf00000) (1024K)]
  0x00000124d8fb7a50 JavaThread "jar transforms Thread 7"           [_thread_blocked, id=14884, stack(0x00000021baf00000,0x00000021bb000000) (1024K)]
  0x00000124d8fb8770 JavaThread "jar transforms Thread 8"           [_thread_blocked, id=34792, stack(0x00000021bb000000,0x00000021bb100000) (1024K)]
  0x00000124da174ae0 JavaThread "Unconstrained build operations Thread 16"        [_thread_blocked, id=41972, stack(0x00000021bb100000,0x00000021bb200000) (1024K)]
  0x00000124da173dc0 JavaThread "Unconstrained build operations Thread 17"        [_thread_blocked, id=41284, stack(0x00000021bb200000,0x00000021bb300000) (1024K)]
  0x00000124da175170 JavaThread "Unconstrained build operations Thread 18"        [_thread_blocked, id=23932, stack(0x00000021bb300000,0x00000021bb400000) (1024K)]
  0x00000124da174450 JavaThread "Unconstrained build operations Thread 19"        [_thread_blocked, id=30540, stack(0x00000021bb400000,0x00000021bb500000) (1024K)]
  0x00000124da175800 JavaThread "Unconstrained build operations Thread 20"        [_thread_blocked, id=38572, stack(0x00000021bb500000,0x00000021bb600000) (1024K)]
  0x00000124da175e90 JavaThread "Unconstrained build operations Thread 21"        [_thread_blocked, id=33788, stack(0x00000021bb600000,0x00000021bb700000) (1024K)]
  0x00000124da172a10 JavaThread "Unconstrained build operations Thread 22"        [_thread_blocked, id=42840, stack(0x00000021bb700000,0x00000021bb800000) (1024K)]
  0x00000124da176520 JavaThread "Unconstrained build operations Thread 23"        [_thread_blocked, id=34180, stack(0x00000021bb800000,0x00000021bb900000) (1024K)]
  0x00000124da1730a0 JavaThread "Unconstrained build operations Thread 24"        [_thread_blocked, id=42532, stack(0x00000021bb900000,0x00000021bba00000) (1024K)]
  0x00000124da1799a0 JavaThread "Unconstrained build operations Thread 25"        [_thread_blocked, id=17524, stack(0x00000021bba00000,0x00000021bbb00000) (1024K)]
  0x00000124da1785f0 JavaThread "Unconstrained build operations Thread 26"        [_thread_blocked, id=16648, stack(0x00000021bbb00000,0x00000021bbc00000) (1024K)]
  0x00000124da1778d0 JavaThread "Unconstrained build operations Thread 27"        [_thread_blocked, id=13208, stack(0x00000021bbc00000,0x00000021bbd00000) (1024K)]
  0x00000124da177240 JavaThread "Unconstrained build operations Thread 28"        [_thread_blocked, id=25036, stack(0x00000021bbd00000,0x00000021bbe00000) (1024K)]
  0x00000124da177f60 JavaThread "Unconstrained build operations Thread 29"        [_thread_blocked, id=25820, stack(0x00000021bbe00000,0x00000021bbf00000) (1024K)]
  0x00000124da17a030 JavaThread "Unconstrained build operations Thread 30"        [_thread_blocked, id=31540, stack(0x00000021bc000000,0x00000021bc100000) (1024K)]
  0x00000124da176bb0 JavaThread "Unconstrained build operations Thread 31"        [_thread_blocked, id=32972, stack(0x00000021bc100000,0x00000021bc200000) (1024K)]
  0x00000124da903550 JavaThread "Unconstrained build operations Thread 32"        [_thread_blocked, id=36796, stack(0x00000021bc200000,0x00000021bc300000) (1024K)]
  0x00000124da900760 JavaThread "Unconstrained build operations Thread 33"        [_thread_blocked, id=28144, stack(0x00000021bc300000,0x00000021bc400000) (1024K)]
  0x00000124da900df0 JavaThread "Unconstrained build operations Thread 34"        [_thread_blocked, id=7728, stack(0x00000021bc400000,0x00000021bc500000) (1024K)]
  0x00000124da901b10 JavaThread "Unconstrained build operations Thread 35"        [_thread_blocked, id=42056, stack(0x00000021bc500000,0x00000021bc600000) (1024K)]
  0x00000124da902830 JavaThread "Unconstrained build operations Thread 36"        [_thread_blocked, id=12160, stack(0x00000021bc600000,0x00000021bc700000) (1024K)]
Total: 76

Other Threads:
  0x00000124d3389a90 VMThread "VM Thread"                           [id=10784, stack(0x00000021b7100000,0x00000021b7200000) (1024K)]
  0x00000124d3347240 WatcherThread "VM Periodic Task Thread"        [id=38516, stack(0x00000021b7000000,0x00000021b7100000) (1024K)]
  0x00000124bbd03ae0 WorkerThread "GC Thread#0"                     [id=37128, stack(0x00000021b6b00000,0x00000021b6c00000) (1024K)]
  0x00000124d82e6b50 WorkerThread "GC Thread#1"                     [id=30432, stack(0x00000021b7d00000,0x00000021b7e00000) (1024K)]
  0x00000124d817b1d0 WorkerThread "GC Thread#2"                     [id=35400, stack(0x00000021b7e00000,0x00000021b7f00000) (1024K)]
  0x00000124d8757a00 WorkerThread "GC Thread#3"                     [id=36240, stack(0x00000021b7f00000,0x00000021b8000000) (1024K)]
  0x00000124d84d5a30 WorkerThread "GC Thread#4"                     [id=41700, stack(0x00000021b8000000,0x00000021b8100000) (1024K)]
  0x00000124d8c29ac0 WorkerThread "GC Thread#5"                     [id=42000, stack(0x00000021b8100000,0x00000021b8200000) (1024K)]
  0x00000124d8325400 WorkerThread "GC Thread#6"                     [id=19924, stack(0x00000021b8200000,0x00000021b8300000) (1024K)]
  0x00000124d83257a0 WorkerThread "GC Thread#7"                     [id=17984, stack(0x00000021b8300000,0x00000021b8400000) (1024K)]
  0x00000124bbd149d0 ConcurrentGCThread "G1 Main Marker"            [id=6184, stack(0x00000021b6c00000,0x00000021b6d00000) (1024K)]
  0x00000124bbd16220 WorkerThread "G1 Conc#0"                       [id=40672, stack(0x00000021b6d00000,0x00000021b6e00000) (1024K)]
  0x00000124d9869580 WorkerThread "G1 Conc#1"                       [id=19664, stack(0x00000021b8d00000,0x00000021b8e00000) (1024K)]
  0x00000124bbd6e2d0 ConcurrentGCThread "G1 Refine#0"               [id=35696, stack(0x00000021b6e00000,0x00000021b6f00000) (1024K)]
  0x00000124d320b940 ConcurrentGCThread "G1 Service"                [id=8780, stack(0x00000021b6f00000,0x00000021b7000000) (1024K)]
Total: 15

Threads with active compile tasks:
C2 CompilerThread0  42070 10840   !   4       java.net.URLClassLoader::defineClass (224 bytes)
Total: 1

VM state: not at safepoint (normal execution)

VM Mutex/Monitor currently owned by a thread: None

Heap address: 0x0000000080000000, size: 2048 MB, Compressed Oops mode: 32-bit

CDS archive(s) not mapped
Compressed class space mapped at: 0x0000000100000000-0x0000000140000000, reserved size: 1073741824
Narrow klass base: 0x0000000000000000, Narrow klass shift: 3, Narrow klass range: 0x140000000

GC Precious Log:
 CardTable entry size: 512
 Card Set container configuration: InlinePtr #cards 5 size 8 Array Of Cards #cards 12 size 40 Howl #buckets 4 coarsen threshold 1843 Howl Bitmap #cards 512 size 80 coarsen threshold 460 Card regions per heap region 1 cards per card region 2048
 CPUs: 8 total, 8 available
 Memory: 8083M
 Large Page Support: Disabled
 NUMA Support: Disabled
 Compressed Oops: Enabled (32-bit)
 Heap Region Size: 1M
 Heap Min Capacity: 8M
 Heap Initial Capacity: 128M
 Heap Max Capacity: 2G
 Pre-touch: Disabled
 Parallel Workers: 8
 Concurrent Workers: 2
 Concurrent Refinement Workers: 8
 Periodic GC: Disabled

Heap:
 garbage-first heap   total 204800K, used 137423K [0x0000000080000000, 0x0000000100000000)
  region size 1024K, 23 young (23552K), 6 survivors (6144K)
 Metaspace       used 117050K, committed 119168K, reserved 1179648K
  class space    used 16147K, committed 17152K, reserved 1048576K

Heap Regions: E=young(eden), S=young(survivor), O=old, HS=humongous(starts), HC=humongous(continues), CS=collection set, F=free, TAMS=top-at-mark-start, PB=parsable bottom
|   0|0x0000000080000000, 0x0000000080100000, 0x0000000080100000|100%|HS|  |TAMS 0x0000000080000000| PB 0x0000000080000000| Complete 
|   1|0x0000000080100000, 0x0000000080200000, 0x0000000080200000|100%|HC|  |TAMS 0x0000000080100000| PB 0x0000000080100000| Complete 
|   2|0x0000000080200000, 0x0000000080300000, 0x0000000080300000|100%|HC|  |TAMS 0x0000000080200000| PB 0x0000000080200000| Complete 
|   3|0x0000000080300000, 0x0000000080400000, 0x0000000080400000|100%| O|  |TAMS 0x0000000080300000| PB 0x0000000080300000| Untracked 
|   4|0x0000000080400000, 0x0000000080500000, 0x0000000080500000|100%| O|  |TAMS 0x0000000080400000| PB 0x0000000080400000| Untracked 
|   5|0x0000000080500000, 0x0000000080600000, 0x0000000080600000|100%| O|  |TAMS 0x0000000080500000| PB 0x0000000080500000| Untracked 
|   6|0x0000000080600000, 0x0000000080700000, 0x0000000080700000|100%|HS|  |TAMS 0x0000000080600000| PB 0x0000000080600000| Complete 
|   7|0x0000000080700000, 0x0000000080800000, 0x0000000080800000|100%| O|  |TAMS 0x0000000080700000| PB 0x0000000080700000| Untracked 
|   8|0x0000000080800000, 0x0000000080900000, 0x0000000080900000|100%| O|  |TAMS 0x0000000080800000| PB 0x0000000080800000| Untracked 
|   9|0x0000000080900000, 0x0000000080a00000, 0x0000000080a00000|100%| O|  |TAMS 0x0000000080900000| PB 0x0000000080900000| Untracked 
|  10|0x0000000080a00000, 0x0000000080b00000, 0x0000000080b00000|100%| O|  |TAMS 0x0000000080a00000| PB 0x0000000080a00000| Untracked 
|  11|0x0000000080b00000, 0x0000000080c00000, 0x0000000080c00000|100%| O|  |TAMS 0x0000000080b00000| PB 0x0000000080b00000| Untracked 
|  12|0x0000000080c00000, 0x0000000080d00000, 0x0000000080d00000|100%| O|  |TAMS 0x0000000080c00000| PB 0x0000000080c00000| Untracked 
|  13|0x0000000080d00000, 0x0000000080e00000, 0x0000000080e00000|100%| O|  |TAMS 0x0000000080d00000| PB 0x0000000080d00000| Untracked 
|  14|0x0000000080e00000, 0x0000000080f00000, 0x0000000080f00000|100%| O|  |TAMS 0x0000000080e00000| PB 0x0000000080e00000| Untracked 
|  15|0x0000000080f00000, 0x0000000081000000, 0x0000000081000000|100%| O|  |TAMS 0x0000000080f00000| PB 0x0000000080f00000| Untracked 
|  16|0x0000000081000000, 0x0000000081100000, 0x0000000081100000|100%| O|  |TAMS 0x0000000081000000| PB 0x0000000081000000| Untracked 
|  17|0x0000000081100000, 0x0000000081200000, 0x0000000081200000|100%| O|  |TAMS 0x0000000081100000| PB 0x0000000081100000| Untracked 
|  18|0x0000000081200000, 0x0000000081300000, 0x0000000081300000|100%| O|  |TAMS 0x0000000081200000| PB 0x0000000081200000| Untracked 
|  19|0x0000000081300000, 0x0000000081400000, 0x0000000081400000|100%| O|  |TAMS 0x0000000081300000| PB 0x0000000081300000| Untracked 
|  20|0x0000000081400000, 0x0000000081500000, 0x0000000081500000|100%| O|  |TAMS 0x0000000081400000| PB 0x0000000081400000| Untracked 
|  21|0x0000000081500000, 0x0000000081600000, 0x0000000081600000|100%| O|  |TAMS 0x0000000081500000| PB 0x0000000081500000| Untracked 
|  22|0x0000000081600000, 0x0000000081700000, 0x0000000081700000|100%| O|  |TAMS 0x0000000081600000| PB 0x0000000081600000| Untracked 
|  23|0x0000000081700000, 0x0000000081800000, 0x0000000081800000|100%| O|  |TAMS 0x0000000081700000| PB 0x0000000081700000| Untracked 
|  24|0x0000000081800000, 0x0000000081900000, 0x0000000081900000|100%| O|  |TAMS 0x0000000081800000| PB 0x0000000081800000| Untracked 
|  25|0x0000000081900000, 0x0000000081a00000, 0x0000000081a00000|100%| O|  |TAMS 0x0000000081900000| PB 0x0000000081900000| Untracked 
|  26|0x0000000081a00000, 0x0000000081b00000, 0x0000000081b00000|100%| O|  |TAMS 0x0000000081a00000| PB 0x0000000081a00000| Untracked 
|  27|0x0000000081b00000, 0x0000000081c00000, 0x0000000081c00000|100%|HS|  |TAMS 0x0000000081b00000| PB 0x0000000081b00000| Complete 
|  28|0x0000000081c00000, 0x0000000081d00000, 0x0000000081d00000|100%|HC|  |TAMS 0x0000000081c00000| PB 0x0000000081c00000| Complete 
|  29|0x0000000081d00000, 0x0000000081e00000, 0x0000000081e00000|100%| O|  |TAMS 0x0000000081d00000| PB 0x0000000081d00000| Untracked 
|  30|0x0000000081e00000, 0x0000000081f00000, 0x0000000081f00000|100%| O|  |TAMS 0x0000000081e00000| PB 0x0000000081e00000| Untracked 
|  31|0x0000000081f00000, 0x0000000082000000, 0x0000000082000000|100%| O|  |TAMS 0x0000000081f00000| PB 0x0000000081f00000| Untracked 
|  32|0x0000000082000000, 0x0000000082100000, 0x0000000082100000|100%| O|  |TAMS 0x0000000082000000| PB 0x0000000082000000| Untracked 
|  33|0x0000000082100000, 0x0000000082200000, 0x0000000082200000|100%| O|  |TAMS 0x0000000082100000| PB 0x0000000082100000| Untracked 
|  34|0x0000000082200000, 0x0000000082300000, 0x0000000082300000|100%| O|  |TAMS 0x0000000082200000| PB 0x0000000082200000| Untracked 
|  35|0x0000000082300000, 0x0000000082400000, 0x0000000082400000|100%| O|  |TAMS 0x0000000082300000| PB 0x0000000082300000| Untracked 
|  36|0x0000000082400000, 0x0000000082500000, 0x0000000082500000|100%| O|  |TAMS 0x0000000082400000| PB 0x0000000082400000| Untracked 
|  37|0x0000000082500000, 0x0000000082600000, 0x0000000082600000|100%| O|  |TAMS 0x0000000082500000| PB 0x0000000082500000| Untracked 
|  38|0x0000000082600000, 0x0000000082700000, 0x0000000082700000|100%| O|  |TAMS 0x0000000082600000| PB 0x0000000082600000| Untracked 
|  39|0x0000000082700000, 0x0000000082800000, 0x0000000082800000|100%| O|  |TAMS 0x0000000082700000| PB 0x0000000082700000| Untracked 
|  40|0x0000000082800000, 0x0000000082900000, 0x0000000082900000|100%| O|  |TAMS 0x0000000082800000| PB 0x0000000082800000| Untracked 
|  41|0x0000000082900000, 0x0000000082a00000, 0x0000000082a00000|100%| O|  |TAMS 0x0000000082900000| PB 0x0000000082900000| Untracked 
|  42|0x0000000082a00000, 0x0000000082b00000, 0x0000000082b00000|100%| O|  |TAMS 0x0000000082a00000| PB 0x0000000082a00000| Untracked 
|  43|0x0000000082b00000, 0x0000000082c00000, 0x0000000082c00000|100%| O|  |TAMS 0x0000000082b00000| PB 0x0000000082b00000| Untracked 
|  44|0x0000000082c00000, 0x0000000082d00000, 0x0000000082d00000|100%| O|  |TAMS 0x0000000082c00000| PB 0x0000000082c00000| Untracked 
|  45|0x0000000082d00000, 0x0000000082d00000, 0x0000000082e00000|  0%| F|  |TAMS 0x0000000082d00000| PB 0x0000000082d00000| Untracked 
|  46|0x0000000082e00000, 0x0000000082f00000, 0x0000000082f00000|100%| O|  |TAMS 0x0000000082e00000| PB 0x0000000082e00000| Untracked 
|  47|0x0000000082f00000, 0x0000000083000000, 0x0000000083000000|100%| O|  |TAMS 0x0000000082f00000| PB 0x0000000082f00000| Untracked 
|  48|0x0000000083000000, 0x0000000083100000, 0x0000000083100000|100%| O|  |TAMS 0x0000000083000000| PB 0x0000000083000000| Untracked 
|  49|0x0000000083100000, 0x0000000083200000, 0x0000000083200000|100%| O|  |TAMS 0x0000000083100000| PB 0x0000000083100000| Untracked 
|  50|0x0000000083200000, 0x0000000083300000, 0x0000000083300000|100%| O|  |TAMS 0x0000000083200000| PB 0x0000000083200000| Untracked 
|  51|0x0000000083300000, 0x0000000083400000, 0x0000000083400000|100%| O|  |TAMS 0x0000000083300000| PB 0x0000000083300000| Untracked 
|  52|0x0000000083400000, 0x0000000083500000, 0x0000000083500000|100%| O|  |TAMS 0x0000000083400000| PB 0x0000000083400000| Untracked 
|  53|0x0000000083500000, 0x0000000083600000, 0x0000000083600000|100%| O|  |TAMS 0x0000000083500000| PB 0x0000000083500000| Untracked 
|  54|0x0000000083600000, 0x0000000083700000, 0x0000000083700000|100%| O|  |TAMS 0x0000000083600000| PB 0x0000000083600000| Untracked 
|  55|0x0000000083700000, 0x0000000083800000, 0x0000000083800000|100%| O|  |TAMS 0x0000000083700000| PB 0x0000000083700000| Untracked 
|  56|0x0000000083800000, 0x0000000083900000, 0x0000000083900000|100%| O|Cm|TAMS 0x0000000083800000| PB 0x0000000083800000| Complete 
|  57|0x0000000083900000, 0x0000000083a00000, 0x0000000083a00000|100%| O|  |TAMS 0x0000000083900000| PB 0x0000000083900000| Untracked 
|  58|0x0000000083a00000, 0x0000000083b00000, 0x0000000083b00000|100%| O|  |TAMS 0x0000000083a00000| PB 0x0000000083a00000| Untracked 
|  59|0x0000000083b00000, 0x0000000083c00000, 0x0000000083c00000|100%| O|  |TAMS 0x0000000083b00000| PB 0x0000000083b00000| Untracked 
|  60|0x0000000083c00000, 0x0000000083d00000, 0x0000000083d00000|100%| O|  |TAMS 0x0000000083c00000| PB 0x0000000083c00000| Untracked 
|  61|0x0000000083d00000, 0x0000000083e00000, 0x0000000083e00000|100%| O|  |TAMS 0x0000000083d00000| PB 0x0000000083d00000| Untracked 
|  62|0x0000000083e00000, 0x0000000083f00000, 0x0000000083f00000|100%| O|  |TAMS 0x0000000083e00000| PB 0x0000000083e00000| Untracked 
|  63|0x0000000083f00000, 0x0000000084000000, 0x0000000084000000|100%| O|  |TAMS 0x0000000083f00000| PB 0x0000000083f00000| Untracked 
|  64|0x0000000084000000, 0x0000000084100000, 0x0000000084100000|100%| O|  |TAMS 0x0000000084000000| PB 0x0000000084000000| Untracked 
|  65|0x0000000084100000, 0x0000000084200000, 0x0000000084200000|100%| O|  |TAMS 0x0000000084100000| PB 0x0000000084100000| Untracked 
|  66|0x0000000084200000, 0x0000000084300000, 0x0000000084300000|100%| O|  |TAMS 0x0000000084200000| PB 0x0000000084200000| Untracked 
|  67|0x0000000084300000, 0x0000000084400000, 0x0000000084400000|100%| O|  |TAMS 0x0000000084300000| PB 0x0000000084300000| Untracked 
|  68|0x0000000084400000, 0x0000000084500000, 0x0000000084500000|100%| O|  |TAMS 0x0000000084400000| PB 0x0000000084400000| Untracked 
|  69|0x0000000084500000, 0x0000000084600000, 0x0000000084600000|100%| O|  |TAMS 0x0000000084500000| PB 0x0000000084500000| Untracked 
|  70|0x0000000084600000, 0x0000000084700000, 0x0000000084700000|100%| O|  |TAMS 0x0000000084600000| PB 0x0000000084600000| Untracked 
|  71|0x0000000084700000, 0x0000000084800000, 0x0000000084800000|100%| O|  |TAMS 0x0000000084700000| PB 0x0000000084700000| Untracked 
|  72|0x0000000084800000, 0x0000000084900000, 0x0000000084900000|100%| O|  |TAMS 0x0000000084800000| PB 0x0000000084800000| Untracked 
|  73|0x0000000084900000, 0x0000000084a00000, 0x0000000084a00000|100%| O|  |TAMS 0x0000000084900000| PB 0x0000000084900000| Untracked 
|  74|0x0000000084a00000, 0x0000000084b00000, 0x0000000084b00000|100%| O|  |TAMS 0x0000000084a00000| PB 0x0000000084a00000| Untracked 
|  75|0x0000000084b00000, 0x0000000084c00000, 0x0000000084c00000|100%| O|  |TAMS 0x0000000084b00000| PB 0x0000000084b00000| Untracked 
|  76|0x0000000084c00000, 0x0000000084d00000, 0x0000000084d00000|100%| O|  |TAMS 0x0000000084c00000| PB 0x0000000084c00000| Untracked 
|  77|0x0000000084d00000, 0x0000000084e00000, 0x0000000084e00000|100%| O|  |TAMS 0x0000000084d00000| PB 0x0000000084d00000| Untracked 
|  78|0x0000000084e00000, 0x0000000084f00000, 0x0000000084f00000|100%| O|  |TAMS 0x0000000084e00000| PB 0x0000000084e00000| Untracked 
|  79|0x0000000084f00000, 0x0000000085000000, 0x0000000085000000|100%| O|  |TAMS 0x0000000084f00000| PB 0x0000000084f00000| Untracked 
|  80|0x0000000085000000, 0x0000000085100000, 0x0000000085100000|100%| O|  |TAMS 0x0000000085000000| PB 0x0000000085000000| Untracked 
|  81|0x0000000085100000, 0x0000000085200000, 0x0000000085200000|100%| O|  |TAMS 0x0000000085100000| PB 0x0000000085100000| Untracked 
|  82|0x0000000085200000, 0x0000000085300000, 0x0000000085300000|100%| O|Cm|TAMS 0x0000000085200000| PB 0x0000000085200000| Complete 
|  83|0x0000000085300000, 0x0000000085300000, 0x0000000085400000|  0%| F|  |TAMS 0x0000000085300000| PB 0x0000000085300000| Untracked 
|  84|0x0000000085400000, 0x0000000085500000, 0x0000000085500000|100%| O|  |TAMS 0x0000000085400000| PB 0x0000000085400000| Untracked 
|  85|0x0000000085500000, 0x0000000085600000, 0x0000000085600000|100%| O|  |TAMS 0x0000000085500000| PB 0x0000000085500000| Untracked 
|  86|0x0000000085600000, 0x0000000085700000, 0x0000000085700000|100%| O|  |TAMS 0x0000000085600000| PB 0x0000000085600000| Untracked 
|  87|0x0000000085700000, 0x0000000085800000, 0x0000000085800000|100%| O|Cm|TAMS 0x0000000085700000| PB 0x0000000085700000| Complete 
|  88|0x0000000085800000, 0x0000000085900000, 0x0000000085900000|100%|HS|  |TAMS 0x0000000085800000| PB 0x0000000085800000| Complete 
|  89|0x0000000085900000, 0x0000000085a00000, 0x0000000085a00000|100%|HC|  |TAMS 0x0000000085900000| PB 0x0000000085900000| Complete 
|  90|0x0000000085a00000, 0x0000000085b00000, 0x0000000085b00000|100%|HC|  |TAMS 0x0000000085a00000| PB 0x0000000085a00000| Complete 
|  91|0x0000000085b00000, 0x0000000085c00000, 0x0000000085c00000|100%|HC|  |TAMS 0x0000000085b00000| PB 0x0000000085b00000| Complete 
|  92|0x0000000085c00000, 0x0000000085d00000, 0x0000000085d00000|100%|HC|  |TAMS 0x0000000085c00000| PB 0x0000000085c00000| Complete 
|  93|0x0000000085d00000, 0x0000000085e00000, 0x0000000085e00000|100%|HC|  |TAMS 0x0000000085d00000| PB 0x0000000085d00000| Complete 
|  94|0x0000000085e00000, 0x0000000085f00000, 0x0000000085f00000|100%|HS|  |TAMS 0x0000000085e00000| PB 0x0000000085e00000| Complete 
|  95|0x0000000085f00000, 0x0000000086000000, 0x0000000086000000|100%|HS|  |TAMS 0x0000000085f00000| PB 0x0000000085f00000| Complete 
|  96|0x0000000086000000, 0x0000000086100000, 0x0000000086100000|100%|HS|  |TAMS 0x0000000086000000| PB 0x0000000086000000| Complete 
|  97|0x0000000086100000, 0x0000000086200000, 0x0000000086200000|100%|HS|  |TAMS 0x0000000086100000| PB 0x0000000086100000| Complete 
|  98|0x0000000086200000, 0x0000000086300000, 0x0000000086300000|100%|HC|  |TAMS 0x0000000086200000| PB 0x0000000086200000| Complete 
|  99|0x0000000086300000, 0x0000000086400000, 0x0000000086400000|100%|HS|  |TAMS 0x0000000086300000| PB 0x0000000086300000| Complete 
| 100|0x0000000086400000, 0x0000000086500000, 0x0000000086500000|100%|HC|  |TAMS 0x0000000086400000| PB 0x0000000086400000| Complete 
| 101|0x0000000086500000, 0x0000000086600000, 0x0000000086600000|100%|HC|  |TAMS 0x0000000086500000| PB 0x0000000086500000| Complete 
| 102|0x0000000086600000, 0x0000000086700000, 0x0000000086700000|100%|HS|  |TAMS 0x0000000086600000| PB 0x0000000086600000| Complete 
| 103|0x0000000086700000, 0x0000000086800000, 0x0000000086800000|100%| O|  |TAMS 0x0000000086700000| PB 0x0000000086700000| Untracked 
| 104|0x0000000086800000, 0x0000000086900000, 0x0000000086900000|100%| O|  |TAMS 0x0000000086800000| PB 0x0000000086800000| Untracked 
| 105|0x0000000086900000, 0x0000000086a00000, 0x0000000086a00000|100%| O|  |TAMS 0x0000000086900000| PB 0x0000000086900000| Untracked 
| 106|0x0000000086a00000, 0x0000000086b00000, 0x0000000086b00000|100%| O|  |TAMS 0x0000000086a00000| PB 0x0000000086a00000| Untracked 
| 107|0x0000000086b00000, 0x0000000086c00000, 0x0000000086c00000|100%| O|  |TAMS 0x0000000086b00000| PB 0x0000000086b00000| Untracked 
| 108|0x0000000086c00000, 0x0000000086d00000, 0x0000000086d00000|100%| O|  |TAMS 0x0000000086c00000| PB 0x0000000086c00000| Untracked 
| 109|0x0000000086d00000, 0x0000000086e00000, 0x0000000086e00000|100%| O|  |TAMS 0x0000000086d00000| PB 0x0000000086d00000| Untracked 
| 110|0x0000000086e00000, 0x0000000086e125b0, 0x0000000086f00000|  7%| O|  |TAMS 0x0000000086e00000| PB 0x0000000086e00000| Untracked 
| 111|0x0000000086f00000, 0x0000000086f00000, 0x0000000087000000|  0%| F|  |TAMS 0x0000000086f00000| PB 0x0000000086f00000| Untracked 
| 112|0x0000000087000000, 0x0000000087000000, 0x0000000087100000|  0%| F|  |TAMS 0x0000000087000000| PB 0x0000000087000000| Untracked 
| 113|0x0000000087100000, 0x0000000087100000, 0x0000000087200000|  0%| F|  |TAMS 0x0000000087100000| PB 0x0000000087100000| Untracked 
| 114|0x0000000087200000, 0x0000000087200000, 0x0000000087300000|  0%| F|  |TAMS 0x0000000087200000| PB 0x0000000087200000| Untracked 
| 115|0x0000000087300000, 0x0000000087300000, 0x0000000087400000|  0%| F|  |TAMS 0x0000000087300000| PB 0x0000000087300000| Untracked 
| 116|0x0000000087400000, 0x0000000087400000, 0x0000000087500000|  0%| F|  |TAMS 0x0000000087400000| PB 0x0000000087400000| Untracked 
| 117|0x0000000087500000, 0x0000000087500000, 0x0000000087600000|  0%| F|  |TAMS 0x0000000087500000| PB 0x0000000087500000| Untracked 
| 118|0x0000000087600000, 0x0000000087600000, 0x0000000087700000|  0%| F|  |TAMS 0x0000000087600000| PB 0x0000000087600000| Untracked 
| 119|0x0000000087700000, 0x0000000087700000, 0x0000000087800000|  0%| F|  |TAMS 0x0000000087700000| PB 0x0000000087700000| Untracked 
| 120|0x0000000087800000, 0x0000000087800000, 0x0000000087900000|  0%| F|  |TAMS 0x0000000087800000| PB 0x0000000087800000| Untracked 
| 121|0x0000000087900000, 0x0000000087900000, 0x0000000087a00000|  0%| F|  |TAMS 0x0000000087900000| PB 0x0000000087900000| Untracked 
| 122|0x0000000087a00000, 0x0000000087a216e0, 0x0000000087b00000| 13%| S|CS|TAMS 0x0000000087a00000| PB 0x0000000087a00000| Complete 
| 123|0x0000000087b00000, 0x0000000087b00000, 0x0000000087c00000|  0%| F|  |TAMS 0x0000000087b00000| PB 0x0000000087b00000| Untracked 
| 124|0x0000000087c00000, 0x0000000087c00000, 0x0000000087d00000|  0%| F|  |TAMS 0x0000000087c00000| PB 0x0000000087c00000| Untracked 
| 125|0x0000000087d00000, 0x0000000087d00000, 0x0000000087e00000|  0%| F|  |TAMS 0x0000000087d00000| PB 0x0000000087d00000| Untracked 
| 126|0x0000000087e00000, 0x0000000087f00000, 0x0000000087f00000|100%| S|CS|TAMS 0x0000000087e00000| PB 0x0000000087e00000| Complete 
| 127|0x0000000087f00000, 0x0000000088000000, 0x0000000088000000|100%| S|CS|TAMS 0x0000000087f00000| PB 0x0000000087f00000| Complete 
| 128|0x0000000088000000, 0x0000000088100000, 0x0000000088100000|100%| S|CS|TAMS 0x0000000088000000| PB 0x0000000088000000| Complete 
| 129|0x0000000088100000, 0x0000000088200000, 0x0000000088200000|100%| S|CS|TAMS 0x0000000088100000| PB 0x0000000088100000| Complete 
| 130|0x0000000088200000, 0x0000000088300000, 0x0000000088300000|100%| S|CS|TAMS 0x0000000088200000| PB 0x0000000088200000| Complete 
| 131|0x0000000088300000, 0x0000000088300000, 0x0000000088400000|  0%| F|  |TAMS 0x0000000088300000| PB 0x0000000088300000| Untracked 
| 132|0x0000000088400000, 0x0000000088400000, 0x0000000088500000|  0%| F|  |TAMS 0x0000000088400000| PB 0x0000000088400000| Untracked 
| 133|0x0000000088500000, 0x0000000088500000, 0x0000000088600000|  0%| F|  |TAMS 0x0000000088500000| PB 0x0000000088500000| Untracked 
| 134|0x0000000088600000, 0x0000000088600000, 0x0000000088700000|  0%| F|  |TAMS 0x0000000088600000| PB 0x0000000088600000| Untracked 
| 135|0x0000000088700000, 0x0000000088700000, 0x0000000088800000|  0%| F|  |TAMS 0x0000000088700000| PB 0x0000000088700000| Untracked 
| 136|0x0000000088800000, 0x0000000088800000, 0x0000000088900000|  0%| F|  |TAMS 0x0000000088800000| PB 0x0000000088800000| Untracked 
| 137|0x0000000088900000, 0x0000000088900000, 0x0000000088a00000|  0%| F|  |TAMS 0x0000000088900000| PB 0x0000000088900000| Untracked 
| 138|0x0000000088a00000, 0x0000000088a00000, 0x0000000088b00000|  0%| F|  |TAMS 0x0000000088a00000| PB 0x0000000088a00000| Untracked 
| 139|0x0000000088b00000, 0x0000000088b00000, 0x0000000088c00000|  0%| F|  |TAMS 0x0000000088b00000| PB 0x0000000088b00000| Untracked 
| 140|0x0000000088c00000, 0x0000000088c00000, 0x0000000088d00000|  0%| F|  |TAMS 0x0000000088c00000| PB 0x0000000088c00000| Untracked 
| 141|0x0000000088d00000, 0x0000000088d00000, 0x0000000088e00000|  0%| F|  |TAMS 0x0000000088d00000| PB 0x0000000088d00000| Untracked 
| 142|0x0000000088e00000, 0x0000000088e00000, 0x0000000088f00000|  0%| F|  |TAMS 0x0000000088e00000| PB 0x0000000088e00000| Untracked 
| 143|0x0000000088f00000, 0x0000000088f00000, 0x0000000089000000|  0%| F|  |TAMS 0x0000000088f00000| PB 0x0000000088f00000| Untracked 
| 144|0x0000000089000000, 0x0000000089000000, 0x0000000089100000|  0%| F|  |TAMS 0x0000000089000000| PB 0x0000000089000000| Untracked 
| 145|0x0000000089100000, 0x0000000089100000, 0x0000000089200000|  0%| F|  |TAMS 0x0000000089100000| PB 0x0000000089100000| Untracked 
| 146|0x0000000089200000, 0x0000000089200000, 0x0000000089300000|  0%| F|  |TAMS 0x0000000089200000| PB 0x0000000089200000| Untracked 
| 147|0x0000000089300000, 0x0000000089300000, 0x0000000089400000|  0%| F|  |TAMS 0x0000000089300000| PB 0x0000000089300000| Untracked 
| 148|0x0000000089400000, 0x0000000089400000, 0x0000000089500000|  0%| F|  |TAMS 0x0000000089400000| PB 0x0000000089400000| Untracked 
| 149|0x0000000089500000, 0x0000000089500000, 0x0000000089600000|  0%| F|  |TAMS 0x0000000089500000| PB 0x0000000089500000| Untracked 
| 150|0x0000000089600000, 0x0000000089600000, 0x0000000089700000|  0%| F|  |TAMS 0x0000000089600000| PB 0x0000000089600000| Untracked 
| 151|0x0000000089700000, 0x0000000089700000, 0x0000000089800000|  0%| F|  |TAMS 0x0000000089700000| PB 0x0000000089700000| Untracked 
| 152|0x0000000089800000, 0x0000000089800000, 0x0000000089900000|  0%| F|  |TAMS 0x0000000089800000| PB 0x0000000089800000| Untracked 
| 153|0x0000000089900000, 0x0000000089900000, 0x0000000089a00000|  0%| F|  |TAMS 0x0000000089900000| PB 0x0000000089900000| Untracked 
| 154|0x0000000089a00000, 0x0000000089a00000, 0x0000000089b00000|  0%| F|  |TAMS 0x0000000089a00000| PB 0x0000000089a00000| Untracked 
| 155|0x0000000089b00000, 0x0000000089b00000, 0x0000000089c00000|  0%| F|  |TAMS 0x0000000089b00000| PB 0x0000000089b00000| Untracked 
| 156|0x0000000089c00000, 0x0000000089c00000, 0x0000000089d00000|  0%| F|  |TAMS 0x0000000089c00000| PB 0x0000000089c00000| Untracked 
| 157|0x0000000089d00000, 0x0000000089d00000, 0x0000000089e00000|  0%| F|  |TAMS 0x0000000089d00000| PB 0x0000000089d00000| Untracked 
| 158|0x0000000089e00000, 0x0000000089e00000, 0x0000000089f00000|  0%| F|  |TAMS 0x0000000089e00000| PB 0x0000000089e00000| Untracked 
| 159|0x0000000089f00000, 0x0000000089f00000, 0x000000008a000000|  0%| F|  |TAMS 0x0000000089f00000| PB 0x0000000089f00000| Untracked 
| 160|0x000000008a000000, 0x000000008a000000, 0x000000008a100000|  0%| F|  |TAMS 0x000000008a000000| PB 0x000000008a000000| Untracked 
| 161|0x000000008a100000, 0x000000008a100000, 0x000000008a200000|  0%| F|  |TAMS 0x000000008a100000| PB 0x000000008a100000| Untracked 
| 162|0x000000008a200000, 0x000000008a200000, 0x000000008a300000|  0%| F|  |TAMS 0x000000008a200000| PB 0x000000008a200000| Untracked 
| 163|0x000000008a300000, 0x000000008a300000, 0x000000008a400000|  0%| F|  |TAMS 0x000000008a300000| PB 0x000000008a300000| Untracked 
| 164|0x000000008a400000, 0x000000008a400000, 0x000000008a500000|  0%| F|  |TAMS 0x000000008a400000| PB 0x000000008a400000| Untracked 
| 165|0x000000008a500000, 0x000000008a500000, 0x000000008a600000|  0%| F|  |TAMS 0x000000008a500000| PB 0x000000008a500000| Untracked 
| 166|0x000000008a600000, 0x000000008a600000, 0x000000008a700000|  0%| F|  |TAMS 0x000000008a600000| PB 0x000000008a600000| Untracked 
| 167|0x000000008a700000, 0x000000008a700000, 0x000000008a800000|  0%| F|  |TAMS 0x000000008a700000| PB 0x000000008a700000| Untracked 
| 168|0x000000008a800000, 0x000000008a800000, 0x000000008a900000|  0%| F|  |TAMS 0x000000008a800000| PB 0x000000008a800000| Untracked 
| 169|0x000000008a900000, 0x000000008a900000, 0x000000008aa00000|  0%| F|  |TAMS 0x000000008a900000| PB 0x000000008a900000| Untracked 
| 170|0x000000008aa00000, 0x000000008aa00000, 0x000000008ab00000|  0%| F|  |TAMS 0x000000008aa00000| PB 0x000000008aa00000| Untracked 
| 171|0x000000008ab00000, 0x000000008ab00000, 0x000000008ac00000|  0%| F|  |TAMS 0x000000008ab00000| PB 0x000000008ab00000| Untracked 
| 172|0x000000008ac00000, 0x000000008ac00000, 0x000000008ad00000|  0%| F|  |TAMS 0x000000008ac00000| PB 0x000000008ac00000| Untracked 
| 173|0x000000008ad00000, 0x000000008ad00000, 0x000000008ae00000|  0%| F|  |TAMS 0x000000008ad00000| PB 0x000000008ad00000| Untracked 
| 174|0x000000008ae00000, 0x000000008ae00000, 0x000000008af00000|  0%| F|  |TAMS 0x000000008ae00000| PB 0x000000008ae00000| Untracked 
| 175|0x000000008af00000, 0x000000008af00000, 0x000000008b000000|  0%| F|  |TAMS 0x000000008af00000| PB 0x000000008af00000| Untracked 
| 176|0x000000008b000000, 0x000000008b000000, 0x000000008b100000|  0%| F|  |TAMS 0x000000008b000000| PB 0x000000008b000000| Untracked 
| 177|0x000000008b100000, 0x000000008b100000, 0x000000008b200000|  0%| F|  |TAMS 0x000000008b100000| PB 0x000000008b100000| Untracked 
| 178|0x000000008b200000, 0x000000008b300000, 0x000000008b300000|100%| E|  |TAMS 0x000000008b200000| PB 0x000000008b200000| Complete 
| 179|0x000000008b300000, 0x000000008b400000, 0x000000008b400000|100%| E|CS|TAMS 0x000000008b300000| PB 0x000000008b300000| Complete 
| 180|0x000000008b400000, 0x000000008b500000, 0x000000008b500000|100%| E|CS|TAMS 0x000000008b400000| PB 0x000000008b400000| Complete 
| 181|0x000000008b500000, 0x000000008b600000, 0x000000008b600000|100%| E|CS|TAMS 0x000000008b500000| PB 0x000000008b500000| Complete 
| 182|0x000000008b600000, 0x000000008b700000, 0x000000008b700000|100%| E|CS|TAMS 0x000000008b600000| PB 0x000000008b600000| Complete 
| 183|0x000000008b700000, 0x000000008b800000, 0x000000008b800000|100%| E|CS|TAMS 0x000000008b700000| PB 0x000000008b700000| Complete 
| 184|0x000000008b800000, 0x000000008b900000, 0x000000008b900000|100%| E|CS|TAMS 0x000000008b800000| PB 0x000000008b800000| Complete 
| 185|0x000000008b900000, 0x000000008ba00000, 0x000000008ba00000|100%| E|CS|TAMS 0x000000008b900000| PB 0x000000008b900000| Complete 
| 186|0x000000008ba00000, 0x000000008bb00000, 0x000000008bb00000|100%| E|CS|TAMS 0x000000008ba00000| PB 0x000000008ba00000| Complete 
| 187|0x000000008bb00000, 0x000000008bc00000, 0x000000008bc00000|100%| E|CS|TAMS 0x000000008bb00000| PB 0x000000008bb00000| Complete 
| 188|0x000000008bc00000, 0x000000008bd00000, 0x000000008bd00000|100%| E|CS|TAMS 0x000000008bc00000| PB 0x000000008bc00000| Complete 
| 189|0x000000008bd00000, 0x000000008be00000, 0x000000008be00000|100%| E|CS|TAMS 0x000000008bd00000| PB 0x000000008bd00000| Complete 
| 190|0x000000008be00000, 0x000000008bf00000, 0x000000008bf00000|100%| E|CS|TAMS 0x000000008be00000| PB 0x000000008be00000| Complete 
|2039|0x00000000ff700000, 0x00000000ff800000, 0x00000000ff800000|100%| O|  |TAMS 0x00000000ff700000| PB 0x00000000ff700000| Untracked 
|2040|0x00000000ff800000, 0x00000000ff900000, 0x00000000ff900000|100%| O|  |TAMS 0x00000000ff800000| PB 0x00000000ff800000| Untracked 
|2041|0x00000000ff900000, 0x00000000ffa00000, 0x00000000ffa00000|100%| O|  |TAMS 0x00000000ff900000| PB 0x00000000ff900000| Untracked 
|2042|0x00000000ffa00000, 0x00000000ffb00000, 0x00000000ffb00000|100%| E|CS|TAMS 0x00000000ffa00000| PB 0x00000000ffa00000| Complete 
|2043|0x00000000ffb00000, 0x00000000ffc00000, 0x00000000ffc00000|100%| E|CS|TAMS 0x00000000ffb00000| PB 0x00000000ffb00000| Complete 
|2044|0x00000000ffc00000, 0x00000000ffd00000, 0x00000000ffd00000|100%| E|CS|TAMS 0x00000000ffc00000| PB 0x00000000ffc00000| Complete 
|2045|0x00000000ffd00000, 0x00000000ffe00000, 0x00000000ffe00000|100%| O|  |TAMS 0x00000000ffd00000| PB 0x00000000ffd00000| Untracked 
|2046|0x00000000ffe00000, 0x00000000fff00000, 0x00000000fff00000|100%| O|  |TAMS 0x00000000ffe00000| PB 0x00000000ffe00000| Untracked 
|2047|0x00000000fff00000, 0x0000000100000000, 0x0000000100000000|100%| E|CS|TAMS 0x00000000fff00000| PB 0x00000000fff00000| Complete 

Card table byte_map: [0x00000124ce530000,0x00000124ce930000] _byte_map_base: 0x00000124ce130000

Marking Bits: (CMBitMap*) 0x00000124bbd040f0
 Bits: [0x00000124ce930000, 0x00000124d0930000)

Polling page: 0x00000124b9930000

Metaspace:

Usage:
  Non-class:     98.55 MB used.
      Class:     15.77 MB used.
       Both:    114.32 MB used.

Virtual space:
  Non-class space:      128.00 MB reserved,      99.62 MB ( 78%) committed,  2 nodes.
      Class space:        1.00 GB reserved,      16.75 MB (  2%) committed,  1 nodes.
             Both:        1.12 GB reserved,     116.38 MB ( 10%) committed. 

Chunk freelists:
   Non-Class:  11.98 MB
       Class:  15.19 MB
        Both:  27.16 MB

MaxMetaspaceSize: unlimited
CompressedClassSpaceSize: 1.00 GB
Initial GC threshold: 21.00 MB
Current GC threshold: 190.44 MB
CDS: off
 - commit_granule_bytes: 65536.
 - commit_granule_words: 8192.
 - virtual_space_node_default_size: 8388608.
 - enlarge_chunks_in_place: 1.
 - use_allocation_guard: 0.


Internal statistics:

num_allocs_failed_limit: 9.
num_arena_births: 4224.
num_arena_deaths: 0.
num_vsnodes_births: 3.
num_vsnodes_deaths: 0.
num_space_committed: 1861.
num_space_uncommitted: 0.
num_chunks_returned_to_freelist: 9.
num_chunks_taken_from_freelist: 8797.
num_chunk_merges: 9.
num_chunk_splits: 6033.
num_chunks_enlarged: 3991.
num_inconsistent_stats: 0.

CodeHeap 'non-profiled nmethods': size=120000Kb used=5062Kb max_used=5212Kb free=114938Kb
 bounds [0x00000124c68d0000, 0x00000124c6df0000, 0x00000124cde00000]
CodeHeap 'profiled nmethods': size=120000Kb used=16237Kb max_used=16274Kb free=103762Kb
 bounds [0x00000124bee00000, 0x00000124bfdf0000, 0x00000124c6330000]
CodeHeap 'non-nmethods': size=5760Kb used=2946Kb max_used=2973Kb free=2813Kb
 bounds [0x00000124c6330000, 0x00000124c6620000, 0x00000124c68d0000]
CodeCache: size=245760Kb, used=24245Kb, max_used=24459Kb, free=221513Kb
 total_blobs=9964, nmethods=8921, adapters=946, full_count=0
Compilation: enabled, stopped_count=0, restarted_count=0

Compilation events (20 events):
Event: 40.787 Thread 0x00000124d35abd30 nmethod 10830 0x00000124bf09e390 code [0x00000124bf09e540, 0x00000124bf09e7f8]
Event: 40.851 Thread 0x00000124d35abd30 10832       3       org.jetbrains.kotlin.com.intellij.util.text.CharArrayUtil::shiftForward (102 bytes)
Event: 40.852 Thread 0x00000124d35abd30 nmethod 10832 0x00000124bfc38c90 code [0x00000124bfc38f20, 0x00000124bfc39bb0]
Event: 40.852 Thread 0x00000124d35abd30 10833       3       org.jetbrains.kotlin.com.intellij.openapi.vfs.VirtualFile::findFileByRelativePath (145 bytes)
Event: 40.855 Thread 0x00000124d35abd30 nmethod 10833 0x00000124bfc34010 code [0x00000124bfc34320, 0x00000124bfc35210]
Event: 40.855 Thread 0x00000124d35abd30 10831       3       org.jetbrains.kotlin.com.intellij.util.text.CharArrayUtil::shiftForward (31 bytes)
Event: 40.855 Thread 0x00000124d35abd30 nmethod 10831 0x00000124bfa5a510 code [0x00000124bfa5a6e0, 0x00000124bfa5a9a8]
Event: 41.103 Thread 0x00000124d35abd30 10834       1       org.jetbrains.kotlin.com.intellij.util.pico.DefaultPicoContainer$InstanceComponentAdapter::getComponentInstance (5 bytes)
Event: 41.103 Thread 0x00000124d35abd30 nmethod 10834 0x00000124c6bf7a10 code [0x00000124c6bf7ba0, 0x00000124c6bf7c68]
Event: 41.172 Thread 0x00000124d35abd30 10836       3       org.jetbrains.kotlin.com.intellij.openapi.vfs.impl.jar.CoreJarVirtualFile::getFileSystem (16 bytes)
Event: 41.172 Thread 0x00000124d35abd30 nmethod 10836 0x00000124bfc20a10 code [0x00000124bfc20be0, 0x00000124bfc20e30]
Event: 41.648 Thread 0x00000124d35abd30 10837       3       org.jetbrains.kotlin.com.intellij.diagnostic.LoadingState::checkOccurred (38 bytes)
Event: 41.648 Thread 0x00000124d35abd30 nmethod 10837 0x00000124bf11a510 code [0x00000124bf11a700, 0x00000124bf11aac0]
Event: 41.703 Thread 0x00000124d35a9670 10838       4       java.lang.ClassLoader::getDefinedPackage (36 bytes)
Event: 41.737 Thread 0x00000124d35a9670 nmethod 10838 0x00000124c6d27c90 code [0x00000124c6d27f20, 0x00000124c6d28b98]
Event: 41.868 Thread 0x00000124d35a9670 10839       4       sun.invoke.util.VerifyAccess::isMemberAccessible (338 bytes)
Event: 41.878 Thread 0x00000124d35a9670 nmethod 10839 0x00000124c6d26e90 code [0x00000124c6d270a0, 0x00000124c6d27688]
Event: 41.920 Thread 0x00000124d35a9670 10840   !   4       java.net.URLClassLoader::defineClass (224 bytes)
Event: 41.934 Thread 0x00000124d35abd30 10842       3       java.lang.invoke.MethodHandle::bindArgumentL (10 bytes)
Event: 41.935 Thread 0x00000124d35abd30 nmethod 10842 0x00000124bfc1f390 code [0x00000124bfc1f5a0, 0x00000124bfc1fc00]

GC Heap History (20 events):
Event: 31.833 GC heap before
{Heap before GC invocations=30 (full 0):
 garbage-first heap   total 104448K, used 93910K [0x0000000080000000, 0x0000000100000000)
  region size 1024K, 32 young (32768K), 2 survivors (2048K)
 Metaspace       used 90485K, committed 92224K, reserved 1179648K
  class space    used 12969K, committed 13824K, reserved 1048576K
}
Event: 31.838 GC heap after
{Heap after GC invocations=31 (full 0):
 garbage-first heap   total 125952K, used 63657K [0x0000000080000000, 0x0000000100000000)
  region size 1024K, 2 young (2048K), 2 survivors (2048K)
 Metaspace       used 90485K, committed 92224K, reserved 1179648K
  class space    used 12969K, committed 13824K, reserved 1048576K
}
Event: 32.817 GC heap before
{Heap before GC invocations=32 (full 0):
 garbage-first heap   total 125952K, used 119977K [0x0000000080000000, 0x0000000100000000)
  region size 1024K, 51 young (52224K), 2 survivors (2048K)
 Metaspace       used 96476K, committed 98304K, reserved 1179648K
  class space    used 13717K, committed 14592K, reserved 1048576K
}
Event: 32.825 GC heap after
{Heap after GC invocations=33 (full 0):
 garbage-first heap   total 128000K, used 75068K [0x0000000080000000, 0x0000000100000000)
  region size 1024K, 6 young (6144K), 6 survivors (6144K)
 Metaspace       used 96476K, committed 98304K, reserved 1179648K
  class space    used 13717K, committed 14592K, reserved 1048576K
}
Event: 33.141 GC heap before
{Heap before GC invocations=33 (full 0):
 garbage-first heap   total 128000K, used 117052K [0x0000000080000000, 0x0000000100000000)
  region size 1024K, 44 young (45056K), 6 survivors (6144K)
 Metaspace       used 96598K, committed 98432K, reserved 1179648K
  class space    used 13723K, committed 14592K, reserved 1048576K
}
Event: 33.164 GC heap after
{Heap after GC invocations=34 (full 0):
 garbage-first heap   total 138240K, used 83253K [0x0000000080000000, 0x0000000100000000)
  region size 1024K, 6 young (6144K), 6 survivors (6144K)
 Metaspace       used 96598K, committed 98432K, reserved 1179648K
  class space    used 13723K, committed 14592K, reserved 1048576K
}
Event: 33.230 GC heap before
{Heap before GC invocations=34 (full 0):
 garbage-first heap   total 138240K, used 87349K [0x0000000080000000, 0x0000000100000000)
  region size 1024K, 11 young (11264K), 6 survivors (6144K)
 Metaspace       used 96599K, committed 98432K, reserved 1179648K
  class space    used 13723K, committed 14592K, reserved 1048576K
}
Event: 33.237 GC heap after
{Heap after GC invocations=35 (full 0):
 garbage-first heap   total 138240K, used 83825K [0x0000000080000000, 0x0000000100000000)
  region size 1024K, 3 young (3072K), 3 survivors (3072K)
 Metaspace       used 96599K, committed 98432K, reserved 1179648K
  class space    used 13723K, committed 14592K, reserved 1048576K
}
Event: 33.522 GC heap before
{Heap before GC invocations=36 (full 0):
 garbage-first heap   total 148480K, used 119665K [0x0000000080000000, 0x0000000100000000)
  region size 1024K, 33 young (33792K), 3 survivors (3072K)
 Metaspace       used 96600K, committed 98432K, reserved 1179648K
  class space    used 13723K, committed 14592K, reserved 1048576K
}
Event: 33.532 GC heap after
{Heap after GC invocations=37 (full 0):
 garbage-first heap   total 148480K, used 91971K [0x0000000080000000, 0x0000000100000000)
  region size 1024K, 5 young (5120K), 5 survivors (5120K)
 Metaspace       used 96600K, committed 98432K, reserved 1179648K
  class space    used 13723K, committed 14592K, reserved 1048576K
}
Event: 34.134 GC heap before
{Heap before GC invocations=37 (full 0):
 garbage-first heap   total 148480K, used 124739K [0x0000000080000000, 0x0000000100000000)
  region size 1024K, 36 young (36864K), 5 survivors (5120K)
 Metaspace       used 98266K, committed 100096K, reserved 1179648K
  class space    used 13953K, committed 14784K, reserved 1048576K
}
Event: 34.148 GC heap after
{Heap after GC invocations=38 (full 0):
 garbage-first heap   total 148480K, used 95232K [0x0000000080000000, 0x0000000100000000)
  region size 1024K, 5 young (5120K), 5 survivors (5120K)
 Metaspace       used 98266K, committed 100096K, reserved 1179648K
  class space    used 13953K, committed 14784K, reserved 1048576K
}
Event: 34.475 GC heap before
{Heap before GC invocations=38 (full 0):
 garbage-first heap   total 148480K, used 111616K [0x0000000080000000, 0x0000000100000000)
  region size 1024K, 22 young (22528K), 5 survivors (5120K)
 Metaspace       used 100707K, committed 102528K, reserved 1179648K
  class space    used 14218K, committed 15104K, reserved 1048576K
}
Event: 34.481 GC heap after
{Heap after GC invocations=39 (full 0):
 garbage-first heap   total 148480K, used 97044K [0x0000000080000000, 0x0000000100000000)
  region size 1024K, 2 young (2048K), 2 survivors (2048K)
 Metaspace       used 100707K, committed 102528K, reserved 1179648K
  class space    used 14218K, committed 15104K, reserved 1048576K
}
Event: 35.265 GC heap before
{Heap before GC invocations=40 (full 0):
 garbage-first heap   total 183296K, used 144148K [0x0000000080000000, 0x0000000100000000)
  region size 1024K, 33 young (33792K), 2 survivors (2048K)
 Metaspace       used 103193K, committed 105024K, reserved 1179648K
  class space    used 14493K, committed 15360K, reserved 1048576K
}
Event: 35.273 GC heap after
{Heap after GC invocations=41 (full 0):
 garbage-first heap   total 183296K, used 116990K [0x0000000080000000, 0x0000000100000000)
  region size 1024K, 5 young (5120K), 5 survivors (5120K)
 Metaspace       used 103193K, committed 105024K, reserved 1179648K
  class space    used 14493K, committed 15360K, reserved 1048576K
}
Event: 36.108 GC heap before
{Heap before GC invocations=41 (full 0):
 garbage-first heap   total 183296K, used 158974K [0x0000000080000000, 0x0000000100000000)
  region size 1024K, 47 young (48128K), 5 survivors (5120K)
 Metaspace       used 108560K, committed 110592K, reserved 1179648K
  class space    used 15060K, committed 16064K, reserved 1048576K
}
Event: 36.118 GC heap after
{Heap after GC invocations=42 (full 0):
 garbage-first heap   total 183296K, used 118676K [0x0000000080000000, 0x0000000100000000)
  region size 1024K, 3 young (3072K), 3 survivors (3072K)
 Metaspace       used 108560K, committed 110592K, reserved 1179648K
  class space    used 15060K, committed 16064K, reserved 1048576K
}
Event: 39.636 GC heap before
{Heap before GC invocations=42 (full 0):
 garbage-first heap   total 183296K, used 162708K [0x0000000080000000, 0x0000000100000000)
  region size 1024K, 46 young (47104K), 3 survivors (3072K)
 Metaspace       used 114498K, committed 116608K, reserved 1179648K
  class space    used 15824K, committed 16832K, reserved 1048576K
}
Event: 39.644 GC heap after
{Heap after GC invocations=43 (full 0):
 garbage-first heap   total 183296K, used 121039K [0x0000000080000000, 0x0000000100000000)
  region size 1024K, 6 young (6144K), 6 survivors (6144K)
 Metaspace       used 114498K, committed 116608K, reserved 1179648K
  class space    used 15824K, committed 16832K, reserved 1048576K
}

Dll operation events (3 events):
Event: 0.028 Loaded shared library C:\Program Files\Android\Android Studio\jbr\bin\java.dll
Event: 0.037 Loaded shared library C:\Program Files\Android\Android Studio\jbr\bin\zip.dll
Event: 0.868 Loaded shared library C:\Program Files\Android\Android Studio\jbr\bin\verify.dll

Deoptimization events (20 events):
Event: 37.119 Thread 0x00000124d9a2c590 Uncommon trap: trap_request=0xffffffc6 fr.pc=0x00000124c6da3e48 relative=0x0000000000000528
Event: 37.119 Thread 0x00000124d9a2c590 Uncommon trap: reason=bimorphic_or_optimized_type_check action=maybe_recompile pc=0x00000124c6da3e48 method=org.jetbrains.kotlin.protobuf.CodedInputStream.tryRefillBuffer(I)Z @ 177 c2
Event: 37.119 Thread 0x00000124d9a2c590 DEOPT PACKING pc=0x00000124c6da3e48 sp=0x00000021b89f4080
Event: 37.119 Thread 0x00000124d9a2c590 DEOPT UNPACKING pc=0x00000124c63846a2 sp=0x00000021b89f3f68 mode 2
Event: 37.124 Thread 0x00000124d9a2c590 Uncommon trap: trap_request=0xffffffc6 fr.pc=0x00000124c6da3e48 relative=0x0000000000000528
Event: 37.124 Thread 0x00000124d9a2c590 Uncommon trap: reason=bimorphic_or_optimized_type_check action=maybe_recompile pc=0x00000124c6da3e48 method=org.jetbrains.kotlin.protobuf.CodedInputStream.tryRefillBuffer(I)Z @ 177 c2
Event: 37.124 Thread 0x00000124d9a2c590 DEOPT PACKING pc=0x00000124c6da3e48 sp=0x00000021b89f4080
Event: 37.124 Thread 0x00000124d9a2c590 DEOPT UNPACKING pc=0x00000124c63846a2 sp=0x00000021b89f3f68 mode 2
Event: 37.125 Thread 0x00000124d9a2c590 Uncommon trap: trap_request=0xffffffc6 fr.pc=0x00000124c6da3e48 relative=0x0000000000000528
Event: 37.125 Thread 0x00000124d9a2c590 Uncommon trap: reason=bimorphic_or_optimized_type_check action=maybe_recompile pc=0x00000124c6da3e48 method=org.jetbrains.kotlin.protobuf.CodedInputStream.tryRefillBuffer(I)Z @ 177 c2
Event: 37.125 Thread 0x00000124d9a2c590 DEOPT PACKING pc=0x00000124c6da3e48 sp=0x00000021b89f3f50
Event: 37.125 Thread 0x00000124d9a2c590 DEOPT UNPACKING pc=0x00000124c63846a2 sp=0x00000021b89f3e30 mode 2
Event: 37.131 Thread 0x00000124d9a2c590 Uncommon trap: trap_request=0xffffffc6 fr.pc=0x00000124c6da3e48 relative=0x0000000000000528
Event: 37.131 Thread 0x00000124d9a2c590 Uncommon trap: reason=bimorphic_or_optimized_type_check action=maybe_recompile pc=0x00000124c6da3e48 method=org.jetbrains.kotlin.protobuf.CodedInputStream.tryRefillBuffer(I)Z @ 177 c2
Event: 37.131 Thread 0x00000124d9a2c590 DEOPT PACKING pc=0x00000124c6da3e48 sp=0x00000021b89f3f50
Event: 37.131 Thread 0x00000124d9a2c590 DEOPT UNPACKING pc=0x00000124c63846a2 sp=0x00000021b89f3e30 mode 2
Event: 37.157 Thread 0x00000124d9a2c590 Uncommon trap: trap_request=0xffffff45 fr.pc=0x00000124c6d03d9c relative=0x000000000000073c
Event: 37.157 Thread 0x00000124d9a2c590 Uncommon trap: reason=unstable_if action=reinterpret pc=0x00000124c6d03d9c method=org.jetbrains.org.objectweb.asm.ClassReader.readUtf(II[C)Ljava/lang/String; @ 41 c2
Event: 37.157 Thread 0x00000124d9a2c590 DEOPT PACKING pc=0x00000124c6d03d9c sp=0x00000021b89f31e0
Event: 37.157 Thread 0x00000124d9a2c590 DEOPT UNPACKING pc=0x00000124c63846a2 sp=0x00000021b89f3188 mode 2

Classes loaded (20 events):
Event: 32.688 Loading class java/beans/PropertyChangeSupport$PropertyChangeListenerMap
Event: 32.688 Loading class java/beans/ChangeListenerMap
Event: 32.689 Loading class java/beans/ChangeListenerMap done
Event: 32.689 Loading class java/beans/PropertyChangeSupport$PropertyChangeListenerMap done
Event: 32.751 Loading class java/util/zip/ZipFile$ZipEntryIterator
Event: 32.751 Loading class java/util/zip/ZipFile$ZipEntryIterator done
Event: 33.863 Loading class java/util/regex/Pattern$Bound
Event: 33.863 Loading class java/util/regex/Pattern$Bound done
Event: 37.187 Loading class java/text/StringCharacterIterator
Event: 37.187 Loading class java/text/CharacterIterator
Event: 37.188 Loading class java/text/CharacterIterator done
Event: 37.188 Loading class java/text/StringCharacterIterator done
Event: 37.283 Loading class java/io/NotSerializableException
Event: 37.283 Loading class java/io/NotSerializableException done
Event: 38.163 Loading class java/util/function/IntUnaryOperator
Event: 38.163 Loading class java/util/function/IntUnaryOperator done
Event: 39.859 Loading class java/util/AbstractList$RandomAccessSubList
Event: 39.861 Loading class java/util/AbstractList$SubList
Event: 39.862 Loading class java/util/AbstractList$SubList done
Event: 39.862 Loading class java/util/AbstractList$RandomAccessSubList done

Classes unloaded (0 events):
No events

Classes redefined (0 events):
No events

Internal exceptions (20 events):
Event: 31.434 Thread 0x00000124d9a2c590 Exception <a 'java/lang/NoSuchMethodError'{0x0000000085895b08}: 'int java.lang.invoke.DelegatingMethodHandle$Holder.reinvoke_L(java.lang.Object, java.lang.Object, java.lang.Object, long, long, long)'> (0x0000000085895b08) 
thrown [s\src\hotspot\share\interpreter\linkResolver.cpp, line 784]
Event: 31.435 Thread 0x00000124d9a2c590 Exception <a 'java/lang/NoSuchMethodError'{0x00000000858a4ad0}: 'int java.lang.invoke.DelegatingMethodHandle$Holder.reinvoke_L(java.lang.Object, java.lang.Object, java.lang.Object, long, int)'> (0x00000000858a4ad0) 
thrown [s\src\hotspot\share\interpreter\linkResolver.cpp, line 784]
Event: 31.436 Thread 0x00000124d9a2c590 Exception <a 'java/lang/NoSuchMethodError'{0x00000000858baf10}: 'void java.lang.invoke.DelegatingMethodHandle$Holder.reinvoke_L(java.lang.Object, java.lang.Object, java.lang.Object, long, java.lang.Object, long, long)'> (0x00000000858baf10) 
thrown [s\src\hotspot\share\interpreter\linkResolver.cpp, line 784]
Event: 32.202 Thread 0x00000124d9a2c590 Exception <a 'java/lang/NoSuchMethodError'{0x0000000086b66220}: 'java.lang.Object java.lang.invoke.DirectMethodHandle$Holder.invokeStatic(java.lang.Object, java.lang.Object, java.lang.Object, java.lang.Object, int, java.lang.Object)'> (0x0000000086b66220) 
thrown [s\src\hotspot\share\interpreter\linkResolver.cpp, line 784]
Event: 32.243 Thread 0x00000124d9a2c590 Exception <a 'java/lang/NoSuchMethodError'{0x0000000086a94780}: 'long java.lang.invoke.DirectMethodHandle$Holder.invokeStatic(java.lang.Object, java.lang.Object, int)'> (0x0000000086a94780) 
thrown [s\src\hotspot\share\interpreter\linkResolver.cpp, line 784]
Event: 32.243 Thread 0x00000124d9a2c590 Exception <a 'java/lang/NoSuchMethodError'{0x0000000086aa0c48}: 'java.lang.Object java.lang.invoke.DelegatingMethodHandle$Holder.reinvoke_L(java.lang.Object, int, long, java.lang.Object, java.lang.Object, int, java.lang.Object)'> (0x0000000086aa0c48) 
thrown [s\src\hotspot\share\interpreter\linkResolver.cpp, line 784]
Event: 32.622 Thread 0x00000124d9a2c590 Exception <a 'java/lang/NoSuchMethodError'{0x000000008586be10}: 'java.lang.Object java.lang.invoke.Invokers$Holder.invokeExact_MT(java.lang.Object, java.lang.Object, long, java.lang.Object)'> (0x000000008586be10) 
thrown [s\src\hotspot\share\interpreter\linkResolver.cpp, line 784]
Event: 32.751 Thread 0x00000124d9a2c590 Implicit null exception at 0x00000124c6aa0395 to 0x00000124c6aa138c
Event: 33.047 Thread 0x00000124d9a2c590 Implicit null exception at 0x00000124c6d683fb to 0x00000124c6d6a670
Event: 35.906 Thread 0x00000124d9a2c590 Exception <a 'java/lang/NoSuchMethodError'{0x0000000088a055c0}: 'java.lang.Object java.lang.invoke.DirectMethodHandle$Holder.newInvokeSpecial(java.lang.Object, java.lang.Object, java.lang.Object, java.lang.Object, java.lang.Object, java.lang.Object, java.lang.Object, java.lang.Object, java.lang.Object, java.lang.Object, java.lang.Object, java.lang.Object, java.lang.Object, java.lang.Object)'> (0x0000000088a055c0) 
thrown [s\src\hotspot\share\interpreter\linkResolver.cpp, line 784]
Event: 35.921 Thread 0x00000124d9a2c590 Exception <a 'java/lang/NoSuchMethodError'{0x000000008892e1d8}: 'java.lang.Object java.lang.invoke.DirectMethodHandle$Holder.newInvokeSpecial(java.lang.Object, java.lang.Object, java.lang.Object, java.lang.Object, java.lang.Object, java.lang.Object, java.lang.Object, java.lang.Object, java.lang.Object, java.lang.Object, java.lang.Object, java.lang.Object, java.lang.Object, java.lang.Object, java.lang.Object, java.lang.Object, java.lang.Object, java.lang.Object, java.lang.Object, java.lang.Object, java.lang
Event: 35.942 Thread 0x00000124d9a2c590 Exception <a 'java/lang/NoSuchMethodError'{0x0000000088743420}: 'java.lang.Object java.lang.invoke.DirectMethodHandle$Holder.newInvokeSpecial(java.lang.Object, java.lang.Object, java.lang.Object, java.lang.Object, java.lang.Object, java.lang.Object, java.lang.Object, java.lang.Object, java.lang.Object, java.lang.Object, java.lang.Object, java.lang.Object, java.lang.Object, java.lang.Object, java.lang.Object, java.lang.Object, java.lang.Object, java.lang.Object, java.lang.Object, java.lang.Object)'> (0x0000
Event: 35.943 Thread 0x00000124d9a2c590 Exception <a 'java/lang/NoSuchMethodError'{0x000000008874ade0}: 'java.lang.Object java.lang.invoke.DirectMethodHandle$Holder.invokeSpecial(java.lang.Object, java.lang.Object, java.lang.Object, java.lang.Object, java.lang.Object, java.lang.Object, java.lang.Object, java.lang.Object, java.lang.Object, java.lang.Object, java.lang.Object, java.lang.Object, java.lang.Object, java.lang.Object, java.lang.Object, java.lang.Object, java.lang.Object, java.lang.Object, java.lang.Object, java.lang.Object, java.lang.Ob
Event: 35.943 Thread 0x00000124d9a2c590 Exception <a 'java/lang/NoSuchMethodError'{0x00000000887512f0}: 'java.lang.Object java.lang.invoke.DelegatingMethodHandle$Holder.reinvoke_L(java.lang.Object, java.lang.Object, java.lang.Object, java.lang.Object, java.lang.Object, java.lang.Object, java.lang.Object, java.lang.Object, java.lang.Object, java.lang.Object, java.lang.Object, java.lang.Object, java.lang.Object, java.lang.Object, java.lang.Object, java.lang.Object, java.lang.Object, java.lang.Object, java.lang.Object, java.lang.Object)'> (0x000000
Event: 36.083 Thread 0x00000124d9a2c590 Exception <a 'java/lang/NoSuchMethodError'{0x0000000087f21258}: 'java.lang.Object java.lang.invoke.DirectMethodHandle$Holder.newInvokeSpecial(java.lang.Object, java.lang.Object, java.lang.Object, java.lang.Object, java.lang.Object, java.lang.Object, java.lang.Object, java.lang.Object, java.lang.Object, java.lang.Object, java.lang.Object, java.lang.Object, java.lang.Object, java.lang.Object, java.lang.Object, java.lang.Object)'> (0x0000000087f21258) 
thrown [s\src\hotspot\share\interpreter\linkResolver.cpp,
Event: 36.083 Thread 0x00000124d9a2c590 Exception <a 'java/lang/NoSuchMethodError'{0x0000000087f28180}: 'java.lang.Object java.lang.invoke.DirectMethodHandle$Holder.invokeSpecial(java.lang.Object, java.lang.Object, java.lang.Object, java.lang.Object, java.lang.Object, java.lang.Object, java.lang.Object, java.lang.Object, java.lang.Object, java.lang.Object, java.lang.Object, java.lang.Object, java.lang.Object, java.lang.Object, java.lang.Object, java.lang.Object, java.lang.Object)'> (0x0000000087f28180) 
thrown [s\src\hotspot\share\interpreter\li
Event: 36.084 Thread 0x00000124d9a2c590 Exception <a 'java/lang/NoSuchMethodError'{0x0000000087f2e010}: 'java.lang.Object java.lang.invoke.DelegatingMethodHandle$Holder.reinvoke_L(java.lang.Object, java.lang.Object, java.lang.Object, java.lang.Object, java.lang.Object, java.lang.Object, java.lang.Object, java.lang.Object, java.lang.Object, java.lang.Object, java.lang.Object, java.lang.Object, java.lang.Object, java.lang.Object, java.lang.Object, java.lang.Object)'> (0x0000000087f2e010) 
thrown [s\src\hotspot\share\interpreter\linkResolver.cpp, l
Event: 40.155 Thread 0x00000124d9a2c590 Exception <a 'java/lang/NoSuchMethodError'{0x00000000ffa84f48}: 'java.lang.Object java.lang.invoke.DirectMethodHandle$Holder.invokeStatic(java.lang.Object, int, java.lang.Object, java.lang.Object, java.lang.Object, java.lang.Object, java.lang.Object, java.lang.Object)'> (0x00000000ffa84f48) 
thrown [s\src\hotspot\share\interpreter\linkResolver.cpp, line 784]
Event: 40.157 Thread 0x00000124d9a2c590 Exception <a 'java/lang/NoSuchMethodError'{0x00000000ffa90080}: 'java.lang.Object java.lang.invoke.DirectMethodHandle$Holder.newInvokeSpecial(java.lang.Object, int, java.lang.Object, java.lang.Object, java.lang.Object, java.lang.Object, java.lang.Object)'> (0x00000000ffa90080) 
thrown [s\src\hotspot\share\interpreter\linkResolver.cpp, line 784]
Event: 40.157 Thread 0x00000124d9a2c590 Exception <a 'java/lang/NoSuchMethodError'{0x00000000ffa95c48}: 'java.lang.Object java.lang.invoke.DirectMethodHandle$Holder.invokeSpecial(java.lang.Object, java.lang.Object, int, java.lang.Object, java.lang.Object, java.lang.Object, java.lang.Object, java.lang.Object)'> (0x00000000ffa95c48) 
thrown [s\src\hotspot\share\interpreter\linkResolver.cpp, line 784]

ZGC Phase Switch (0 events):
No events

VM Operations (20 events):
Event: 35.265 Executing VM operation: G1CollectForAllocation (G1 Evacuation Pause)
Event: 35.274 Executing VM operation: G1CollectForAllocation (G1 Evacuation Pause) done
Event: 36.108 Executing VM operation: G1CollectForAllocation (G1 Evacuation Pause)
Event: 36.118 Executing VM operation: G1CollectForAllocation (G1 Evacuation Pause) done
Event: 36.754 Executing VM operation: HandshakeAllThreads (Deoptimize)
Event: 36.755 Executing VM operation: HandshakeAllThreads (Deoptimize) done
Event: 37.110 Executing VM operation: HandshakeAllThreads (Deoptimize)
Event: 37.110 Executing VM operation: HandshakeAllThreads (Deoptimize) done
Event: 38.122 Executing VM operation: Cleanup
Event: 38.122 Executing VM operation: Cleanup done
Event: 39.124 Executing VM operation: Cleanup
Event: 39.125 Executing VM operation: Cleanup done
Event: 39.636 Executing VM operation: G1CollectForAllocation (G1 Evacuation Pause)
Event: 39.644 Executing VM operation: G1CollectForAllocation (G1 Evacuation Pause) done
Event: 39.863 Executing VM operation: G1PauseRemark
Event: 39.877 Executing VM operation: G1PauseRemark done
Event: 39.989 Executing VM operation: G1PauseCleanup
Event: 39.989 Executing VM operation: G1PauseCleanup done
Event: 41.002 Executing VM operation: Cleanup
Event: 41.081 Executing VM operation: Cleanup done

Memory protections (0 events):
No events

Nmethod flushes (20 events):
Event: 39.873 Thread 0x00000124d3389a90 flushing  nmethod 0x00000124bf2cf590
Event: 39.873 Thread 0x00000124d3389a90 flushing  nmethod 0x00000124bf42fe90
Event: 39.873 Thread 0x00000124d3389a90 flushing  nmethod 0x00000124bf505110
Event: 39.873 Thread 0x00000124d3389a90 flushing  nmethod 0x00000124bf668690
Event: 39.873 Thread 0x00000124d3389a90 flushing  nmethod 0x00000124bf783310
Event: 39.873 Thread 0x00000124d3389a90 flushing  nmethod 0x00000124bf784190
Event: 39.873 Thread 0x00000124d3389a90 flushing  nmethod 0x00000124bf826910
Event: 39.873 Thread 0x00000124d3389a90 flushing  nmethod 0x00000124bf8fc210
Event: 39.873 Thread 0x00000124d3389a90 flushing  nmethod 0x00000124bfa5a510
Event: 39.873 Thread 0x00000124d3389a90 flushing  nmethod 0x00000124bf02f390
Event: 39.873 Thread 0x00000124d3389a90 flushing  nmethod 0x00000124bf055c10
Event: 39.873 Thread 0x00000124d3389a90 flushing  nmethod 0x00000124bf85f410
Event: 39.873 Thread 0x00000124d3389a90 flushing  nmethod 0x00000124bf8f3090
Event: 39.873 Thread 0x00000124d3389a90 flushing  nmethod 0x00000124bf972f10
Event: 39.873 Thread 0x00000124d3389a90 flushing  nmethod 0x00000124bfaaf490
Event: 39.873 Thread 0x00000124d3389a90 flushing  nmethod 0x00000124bfc30210
Event: 39.873 Thread 0x00000124d3389a90 flushing  nmethod 0x00000124bfc33890
Event: 39.873 Thread 0x00000124d3389a90 flushing  nmethod 0x00000124bfc37a90
Event: 39.873 Thread 0x00000124d3389a90 flushing  nmethod 0x00000124bfc3df90
Event: 39.873 Thread 0x00000124d3389a90 flushing  nmethod 0x00000124bf48eb90

Events (20 events):
Event: 27.763 Thread 0x00000124d9a2c590 Thread added: 0x00000124da1778d0
Event: 27.766 Thread 0x00000124d9a2c590 Thread added: 0x00000124da177240
Event: 27.768 Thread 0x00000124d9a2c590 Thread added: 0x00000124da177f60
Event: 27.784 Thread 0x00000124d35abd30 Thread added: 0x00000124dd151440
Event: 28.141 Thread 0x00000124d9a2c590 Thread added: 0x00000124da17a030
Event: 28.142 Thread 0x00000124d9a2c590 Thread added: 0x00000124da176bb0
Event: 28.143 Thread 0x00000124d9a2c590 Thread added: 0x00000124da903550
Event: 28.144 Thread 0x00000124d9a2c590 Thread added: 0x00000124da900760
Event: 28.145 Thread 0x00000124d9a2c590 Thread added: 0x00000124da900df0
Event: 28.147 Thread 0x00000124d9a2c590 Thread added: 0x00000124da901b10
Event: 28.147 Thread 0x00000124d9a2c590 Thread added: 0x00000124da902830
Event: 30.293 Thread 0x00000124dd151440 Thread exited: 0x00000124dd151440
Event: 32.659 Thread 0x00000124d35abd30 Thread added: 0x00000124dd14eb60
Event: 34.057 Thread 0x00000124dd14eb60 Thread exited: 0x00000124dd14eb60
Event: 35.960 Thread 0x00000124d35abd30 Thread added: 0x00000124dc370a10
Event: 35.962 Thread 0x00000124dc370a10 Thread added: 0x00000124dc3710e0
Event: 36.509 Thread 0x00000124dc3710e0 Thread exited: 0x00000124dc3710e0
Event: 36.596 Thread 0x00000124dc370a10 Thread exited: 0x00000124dc370a10
Event: 37.499 Thread 0x00000124d35abd30 Thread added: 0x00000124dc370a10
Event: 37.880 Thread 0x00000124dc370a10 Thread exited: 0x00000124dc370a10


Dynamic libraries:
0x00007ff723ab0000 - 0x00007ff723aba000 	C:\Program Files\Android\Android Studio\jbr\bin\java.exe
0x00007ffb73a00000 - 0x00007ffb73c68000 	C:\WINDOWS\SYSTEM32\ntdll.dll
0x00007ffb72540000 - 0x00007ffb72609000 	C:\WINDOWS\System32\KERNEL32.DLL
0x00007ffb71160000 - 0x00007ffb71558000 	C:\WINDOWS\System32\KERNELBASE.dll
0x00007ffb70be0000 - 0x00007ffb70d2b000 	C:\WINDOWS\System32\ucrtbase.dll
0x00007ffb39760000 - 0x00007ffb3977b000 	C:\Program Files\Android\Android Studio\jbr\bin\VCRUNTIME140.dll
0x00007ffb57480000 - 0x00007ffb57498000 	C:\Program Files\Android\Android Studio\jbr\bin\jli.dll
0x00007ffb71c80000 - 0x00007ffb71e47000 	C:\WINDOWS\System32\USER32.dll
0x00007ffb58aa0000 - 0x00007ffb58d34000 	C:\WINDOWS\WinSxS\amd64_microsoft.windows.common-controls_6595b64144ccf1df_6.0.26100.7019_none_3e06ffa0e335b8a8\COMCTL32.dll
0x00007ffb70d30000 - 0x00007ffb70d57000 	C:\WINDOWS\System32\win32u.dll
0x00007ffb72f50000 - 0x00007ffb72ff9000 	C:\WINDOWS\System32\msvcrt.dll
0x00007ffb72800000 - 0x00007ffb7282b000 	C:\WINDOWS\System32\GDI32.dll
0x00007ffb70ed0000 - 0x00007ffb70ffc000 	C:\WINDOWS\System32\gdi32full.dll
0x00007ffb710b0000 - 0x00007ffb71153000 	C:\WINDOWS\System32\msvcp_win.dll
0x00007ffb72e80000 - 0x00007ffb72eb1000 	C:\WINDOWS\System32\IMM32.DLL
0x00007ffb5f620000 - 0x00007ffb5f62c000 	C:\Program Files\Android\Android Studio\jbr\bin\vcruntime140_1.dll
0x00007ffb369f0000 - 0x00007ffb36a7d000 	C:\Program Files\Android\Android Studio\jbr\bin\msvcp140.dll
0x00007ffad0be0000 - 0x00007ffad1876000 	C:\Program Files\Android\Android Studio\jbr\bin\server\jvm.dll
0x00007ffb73090000 - 0x00007ffb73144000 	C:\WINDOWS\System32\ADVAPI32.dll
0x00007ffb731b0000 - 0x00007ffb73256000 	C:\WINDOWS\System32\sechost.dll
0x00007ffb720b0000 - 0x00007ffb721c8000 	C:\WINDOWS\System32\RPCRT4.dll
0x00007ffb73000000 - 0x00007ffb73074000 	C:\WINDOWS\System32\WS2_32.dll
0x00007ffb709b0000 - 0x00007ffb70a0e000 	C:\WINDOWS\SYSTEM32\POWRPROF.dll
0x00007ffb413d0000 - 0x00007ffb41405000 	C:\WINDOWS\SYSTEM32\WINMM.dll
0x00007ffb66c30000 - 0x00007ffb66c3b000 	C:\WINDOWS\SYSTEM32\VERSION.dll
0x00007ffb70990000 - 0x00007ffb709a4000 	C:\WINDOWS\SYSTEM32\UMPDC.dll
0x00007ffb6f8d0000 - 0x00007ffb6f8eb000 	C:\WINDOWS\SYSTEM32\kernel.appcore.dll
0x00007ffb36d90000 - 0x00007ffb36d9a000 	C:\Program Files\Android\Android Studio\jbr\bin\jimage.dll
0x00007ffb6aff0000 - 0x00007ffb6b232000 	C:\WINDOWS\SYSTEM32\DBGHELP.DLL
0x00007ffb72830000 - 0x00007ffb72bbb000 	C:\WINDOWS\System32\combase.dll
0x00007ffb71fc0000 - 0x00007ffb72097000 	C:\WINDOWS\System32\OLEAUT32.dll
0x00007ffb5a680000 - 0x00007ffb5a6bc000 	C:\WINDOWS\SYSTEM32\dbgcore.DLL
0x00007ffb71000000 - 0x00007ffb710a5000 	C:\WINDOWS\System32\bcryptPrimitives.dll
0x00007ffb59f40000 - 0x00007ffb59f4e000 	C:\Program Files\Android\Android Studio\jbr\bin\instrument.dll
0x00007ffb36aa0000 - 0x00007ffb36ac0000 	C:\Program Files\Android\Android Studio\jbr\bin\java.dll
0x00007ffb36a80000 - 0x00007ffb36a98000 	C:\Program Files\Android\Android Studio\jbr\bin\zip.dll
0x00007ffb73260000 - 0x00007ffb739af000 	C:\WINDOWS\System32\SHELL32.dll
0x00007ffb70d60000 - 0x00007ffb70ecb000 	C:\WINDOWS\System32\wintypes.dll
0x00007ffb6e650000 - 0x00007ffb6eead000 	C:\WINDOWS\SYSTEM32\windows.storage.dll
0x00007ffb72260000 - 0x00007ffb72352000 	C:\WINDOWS\System32\SHCORE.dll
0x00007ffb72610000 - 0x00007ffb72677000 	C:\WINDOWS\System32\shlwapi.dll
0x00007ffb70a70000 - 0x00007ffb70a99000 	C:\WINDOWS\SYSTEM32\profapi.dll
0x00007ffb36d80000 - 0x00007ffb36d90000 	C:\Program Files\Android\Android Studio\jbr\bin\net.dll
0x00007ffb67030000 - 0x00007ffb67158000 	C:\WINDOWS\SYSTEM32\WINHTTP.dll
0x00007ffb6fe20000 - 0x00007ffb6fe8b000 	C:\WINDOWS\system32\mswsock.dll
0x00007ffb366a0000 - 0x00007ffb366b6000 	C:\Program Files\Android\Android Studio\jbr\bin\nio.dll
0x00007ffb36440000 - 0x00007ffb36450000 	C:\Program Files\Android\Android Studio\jbr\bin\verify.dll
0x00007ffb59030000 - 0x00007ffb59057000 	C:\Users\Maheen\.gradle\native\1def1411415f61bf3af743bc5b6707747c0891f09f0c88961ee8f79bc544acac\windows-amd64\native-platform.dll
0x00007ffb30ca0000 - 0x00007ffb30d18000 	C:\Users\Maheen\.gradle\native\0.2.7\x86_64-windows-gnu\gradle-fileevents.dll
0x00007ffb364f0000 - 0x00007ffb364f9000 	C:\Program Files\Android\Android Studio\jbr\bin\management.dll
0x00007ffb364e0000 - 0x00007ffb364eb000 	C:\Program Files\Android\Android Studio\jbr\bin\management_ext.dll
0x00007ffb720a0000 - 0x00007ffb720a8000 	C:\WINDOWS\System32\PSAPI.DLL
0x00007ffb6f010000 - 0x00007ffb6f044000 	C:\WINDOWS\SYSTEM32\IPHLPAPI.DLL
0x00007ffb72d60000 - 0x00007ffb72d6a000 	C:\WINDOWS\System32\NSI.dll
0x00007ffb36690000 - 0x00007ffb36699000 	C:\Program Files\Android\Android Studio\jbr\bin\extnet.dll
0x00007ffb70210000 - 0x00007ffb7022b000 	C:\WINDOWS\SYSTEM32\CRYPTSP.dll
0x00007ffb6f830000 - 0x00007ffb6f86a000 	C:\WINDOWS\system32\rsaenh.dll
0x00007ffb6fed0000 - 0x00007ffb6fefb000 	C:\WINDOWS\SYSTEM32\USERENV.dll
0x00007ffb70a40000 - 0x00007ffb70a6a000 	C:\WINDOWS\SYSTEM32\bcrypt.dll
0x00007ffb70070000 - 0x00007ffb7007c000 	C:\WINDOWS\SYSTEM32\CRYPTBASE.dll
0x00007ffb48ab0000 - 0x00007ffb48ab8000 	C:\WINDOWS\system32\wshunix.dll
0x00007ffb6f090000 - 0x00007ffb6f1bc000 	C:\WINDOWS\SYSTEM32\DNSAPI.dll
0x00007ffb649d0000 - 0x00007ffb649db000 	C:\Windows\System32\rasadhlp.dll
0x00007ffb67e60000 - 0x00007ffb67ee6000 	C:\WINDOWS\System32\fwpuclnt.dll

JVMTI agents:
C:\Users\Maheen\.gradle\wrapper\dists\gradle-8.13-bin\5xuhj0ry160q40clulazy9h7d\gradle-8.13\lib\agents\gradle-instrumentation-agent-8.13.jar path:C:\Program Files\Android\Android Studio\jbr\bin\instrument.dll, loaded, initialized, instrumentlib options:none

dbghelp: loaded successfully - version: 4.0.5 - missing functions: none
symbol engine: initialized successfully - sym options: 0x614 - pdb path: .;C:\Program Files\Android\Android Studio\jbr\bin;C:\WINDOWS\SYSTEM32;C:\WINDOWS\WinSxS\amd64_microsoft.windows.common-controls_6595b64144ccf1df_6.0.26100.7019_none_3e06ffa0e335b8a8;C:\Program Files\Android\Android Studio\jbr\bin\server;C:\Users\Maheen\.gradle\native\1def1411415f61bf3af743bc5b6707747c0891f09f0c88961ee8f79bc544acac\windows-amd64;C:\Users\Maheen\.gradle\native\0.2.7\x86_64-windows-gnu

VM Arguments:
jvm_args: --add-opens=java.base/java.lang=ALL-UNNAMED --add-opens=java.base/java.lang.invoke=ALL-UNNAMED --add-opens=java.base/java.util=ALL-UNNAMED --add-opens=java.prefs/java.util.prefs=ALL-UNNAMED --add-exports=jdk.compiler/com.sun.tools.javac.api=ALL-UNNAMED --add-exports=jdk.compiler/com.sun.tools.javac.util=ALL-UNNAMED --add-opens=java.base/java.util=ALL-UNNAMED --add-opens=java.prefs/java.util.prefs=ALL-UNNAMED --add-opens=java.base/java.nio.charset=ALL-UNNAMED --add-opens=java.base/java.net=ALL-UNNAMED --add-opens=java.base/java.util.concurrent.atomic=ALL-UNNAMED --add-opens=java.xml/javax.xml.namespace=ALL-UNNAMED -Xmx2048m -Dfile.encoding=UTF-8 -Duser.country=US -Duser.language=en -Duser.variant -javaagent:C:\Users\Maheen\.gradle\wrapper\dists\gradle-8.13-bin\5xuhj0ry160q40clulazy9h7d\gradle-8.13\lib\agents\gradle-instrumentation-agent-8.13.jar 
java_command: org.gradle.launcher.daemon.bootstrap.GradleDaemon 8.13
java_class_path (initial): C:\Users\Maheen\.gradle\wrapper\dists\gradle-8.13-bin\5xuhj0ry160q40clulazy9h7d\gradle-8.13\lib\gradle-daemon-main-8.13.jar
Launcher Type: SUN_STANDARD

[Global flags]
     intx CICompilerCount                          = 4                                         {product} {ergonomic}
     uint ConcGCThreads                            = 2                                         {product} {ergonomic}
     uint G1ConcRefinementThreads                  = 8                                         {product} {ergonomic}
   size_t G1HeapRegionSize                         = 1048576                                   {product} {ergonomic}
    uintx GCDrainStackTargetSize                   = 64                                        {product} {ergonomic}
   size_t InitialHeapSize                          = 134217728                                 {product} {ergonomic}
   size_t MarkStackSize                            = 4194304                                   {product} {ergonomic}
   size_t MaxHeapSize                              = 2147483648                                {product} {command line}
   size_t MaxNewSize                               = 1287651328                                {product} {ergonomic}
   size_t MinHeapDeltaBytes                        = 1048576                                   {product} {ergonomic}
   size_t MinHeapSize                              = 8388608                                   {product} {ergonomic}
    uintx NonNMethodCodeHeapSize                   = 5839372                                {pd product} {ergonomic}
    uintx NonProfiledCodeHeapSize                  = 122909434                              {pd product} {ergonomic}
    uintx ProfiledCodeHeapSize                     = 122909434                              {pd product} {ergonomic}
    uintx ReservedCodeCacheSize                    = 251658240                              {pd product} {ergonomic}
     bool SegmentedCodeCache                       = true                                      {product} {ergonomic}
   size_t SoftMaxHeapSize                          = 2147483648                             {manageable} {ergonomic}
     bool UseCompressedOops                        = true                           {product lp64_product} {ergonomic}
     bool UseG1GC                                  = true                                      {product} {ergonomic}
     bool UseLargePagesIndividualAllocation        = false                                  {pd product} {ergonomic}

Logging:
Log output configuration:
 #0: stdout all=warning uptime,level,tags foldmultilines=false
 #1: stderr all=off uptime,level,tags foldmultilines=false

Environment Variables:
PATH=C:\Program Files (x86)\Common Files\Oracle\Java\java8path;C:\Program Files (x86)\Common Files\Oracle\Java\javapath;C:\WINDOWS\system32;C:\WINDOWS;C:\WINDOWS\System32\Wbem;C:\WINDOWS\System32\WindowsPowerShell\v1.0\;C:\WINDOWS\System32\OpenSSH\;C:\Program Files\Docker\Docker\resources\bin;C:\ProgramData\chocolatey\bin;C:\Program Files\Git\cmd;C:\Users\Maheen\AppData\Local\Programs\Python\Launcher\;C:\Users\Maheen\Downloads\flutter_windows_3.24.4-stable\flutter\bin;C:\Users\Maheen\AppData\Local\Microsoft\WindowsApps;C:\Users\Maheen\AppData\Local\Programs\Microsoft VS Code\bin
USERNAME=Maheen
OS=Windows_NT
PROCESSOR_IDENTIFIER=Intel64 Family 6 Model 142 Stepping 10, GenuineIntel
TMP=C:\Users\Maheen\AppData\Local\Temp
TEMP=C:\Users\Maheen\AppData\Local\Temp




Periodic native trim disabled

JNI global refs:
JNI global refs: 28, weak refs: 0

JNI global refs memory usage: 835, weak refs: 201

Process memory usage:
Resident Set Size: 442300K (5% of 8277208K total physical memory with 472940K free physical memory)

OOME stack traces (most recent first):
Classloader memory used:
Loader org.gradle.internal.classloader.VisitableURLClassLoader                         : 74530K
Loader bootstrap                                                                       : 29803K
Loader org.gradle.initialization.MixInLegacyTypesClassLoader                           : 11051K
Loader jdk.internal.loader.ClassLoaders$PlatformClassLoader                            : 782K
Loader jdk.internal.jrtfs.JrtFileSystemProvider$JrtFsLoader                            : 330K
Loader jdk.internal.loader.ClassLoaders$AppClassLoader                                 : 235K
Loader jdk.internal.reflect.DelegatingClassLoader                                      : 151K
Loader org.gradle.groovy.scripts.internal.DefaultScriptCompilationHandler$ScriptClassLoader: 121K
Loader org.gradle.internal.classloader.VisitableURLClassLoader                         : 113K
Loader org.gradle.internal.classloader.VisitableURLClassLoader$InstrumentingVisitableURLClassLoader: 46840B
Loader org.codehaus.groovy.runtime.callsite.CallSiteClassLoader                        : 17200B

Classes loaded by more than one classloader:
Class Program                                                                         : loaded 3 times (x 72B)
Class jdk.internal.jimage.BasicImageReader                                            : loaded 2 times (x 95B)
Class org.gradle.internal.classloader.ClassLoaderHierarchy                            : loaded 2 times (x 70B)
Class org.gradle.api.internal.classpath.ManifestUtil                                  : loaded 2 times (x 71B)
Class jdk.internal.jimage.decompressor.StringSharingDecompressorFactory               : loaded 2 times (x 74B)
Class org.gradle.internal.classloader.DefaultClassLoaderFactory                       : loaded 2 times (x 82B)
Class org.gradle.internal.classloader.ClassLoaderVisitor                              : loaded 2 times (x 76B)
Class org.gradle.api.internal.classpath.EffectiveClassPath                            : loaded 2 times (x 90B)
Class ijKotlinCoroutineJvmDebugInit1_19gxhokaq8qi6clrquere5qth$_run_closure1$_closure2: loaded 2 times (x 139B)
Class org.gradle.api.internal.DefaultClassPathProvider                                : loaded 2 times (x 76B)
Class [Lorg.gradle.api.internal.ClassPathProvider;                                    : loaded 2 times (x 69B)
Class org.gradle.api.internal.ClassPathProvider                                       : loaded 2 times (x 70B)
Class jdk.internal.jrtfs.SystemImage                                                  : loaded 2 times (x 74B)
Class org.gradle.internal.service.UnknownServiceException                             : loaded 2 times (x 83B)
Class org.gradle.internal.classpath.TransformedClassPath                              : loaded 2 times (x 96B)
Class org.gradle.internal.classloader.InstrumentingClassLoader                        : loaded 2 times (x 70B)
Class jdk.internal.jrtfs.SystemImage$1                                                : loaded 2 times (x 78B)
Class jdk.internal.jrtfs.SystemImage$2                                                : loaded 2 times (x 76B)
Class ijJvmDebugger1_7yarstg41wefzo0ju5bs6om7e$_run_closure1$_closure2                : loaded 2 times (x 140B)
Class org.gradle.internal.service.ServiceLocator                                      : loaded 2 times (x 70B)
Class jdk.internal.jrtfs.JrtFileSystemProvider                                        : loaded 2 times (x 101B)
Class jdk.internal.jimage.ImageLocation                                               : loaded 2 times (x 90B)
Class jdk.internal.jrtfs.JrtDirectoryStream$1                                         : loaded 2 times (x 83B)
Class org.gradle.internal.InternalTransformer                                         : loaded 2 times (x 70B)
Class jdk.internal.jimage.ImageBufferCache$1                                          : loaded 2 times (x 83B)
Class org.gradle.internal.classloader.ClasspathUtil$1                                 : loaded 2 times (x 76B)
Class jdk.internal.jimage.ImageBufferCache$2                                          : loaded 2 times (x 91B)
Class org.gradle.api.internal.classpath.DefaultModuleRegistry$DefaultModule           : loaded 2 times (x 86B)
Class ijJvmDebugger1_7yarstg41wefzo0ju5bs6om7e$_run_closure1                          : loaded 2 times (x 139B)
Class org.gradle.api.internal.classpath.Module                                        : loaded 2 times (x 70B)
Class org.gradle.api.internal.classpath.UnknownModuleException                        : loaded 2 times (x 82B)
Class jdk.internal.jimage.ImageHeader                                                 : loaded 2 times (x 71B)
Class org.gradle.api.internal.DefaultClassPathRegistry                                : loaded 2 times (x 76B)
Class org.gradle.api.internal.ClassPathRegistry                                       : loaded 2 times (x 70B)
Class org.gradle.internal.classpath.DefaultClassPath$ImmutableUniqueList              : loaded 2 times (x 199B)
Class jdk.internal.jimage.decompressor.ResourceDecompressor                           : loaded 2 times (x 70B)
Class org.gradle.internal.classloader.FilteringClassLoader                            : loaded 2 times (x 105B)
Class Settings_gradle$1                                                               : loaded 2 times (x 74B)
Class org.gradle.internal.classpath.ClassPath                                         : loaded 2 times (x 70B)
Class org.gradle.api.UncheckedIOException                                             : loaded 2 times (x 82B)
Class jdk.internal.jimage.ImageStringsReader                                          : loaded 2 times (x 80B)
Class jdk.internal.jimage.ImageReader                                                 : loaded 2 times (x 75B)
Class jdk.internal.jimage.ImageReader$SharedImageReader                               : loaded 2 times (x 95B)
Class org.gradle.internal.installation.GradleInstallation$1                           : loaded 2 times (x 75B)
Class org.gradle.api.internal.classpath.ModuleRegistry                                : loaded 2 times (x 70B)
Class jdk.internal.jimage.decompressor.ResourceDecompressorFactory                    : loaded 2 times (x 74B)
Class jdk.internal.jimage.ImageReader$Node                                            : loaded 2 times (x 84B)
Class org.gradle.api.internal.classpath.DefaultModuleRegistry                         : loaded 2 times (x 86B)
Class jdk.internal.jimage.BasicImageReader$1                                          : loaded 2 times (x 77B)
Class jdk.internal.jimage.decompressor.Decompressor                                   : loaded 2 times (x 72B)
Class jdk.internal.jimage.ImageReader$Resource                                        : loaded 2 times (x 84B)
Class org.gradle.internal.service.ServiceLookupException                              : loaded 2 times (x 82B)
Class jdk.internal.jrtfs.JrtFileAttributes                                            : loaded 2 times (x 83B)
Class org.gradle.internal.classloader.ClassLoaderFactory                              : loaded 2 times (x 70B)
Class org.gradle.internal.service.CachingServiceLocator                               : loaded 2 times (x 82B)
Class jdk.internal.jimage.ImageBufferCache                                            : loaded 2 times (x 71B)
Class jdk.internal.jrtfs.JrtPath                                                      : loaded 2 times (x 118B)
Class org.gradle.internal.classloader.ClasspathUtil                                   : loaded 2 times (x 71B)
Class org.gradle.api.specs.Spec                                                       : loaded 2 times (x 70B)
Class jdk.internal.jimage.ImageReader$SharedImageReader$LocationVisitor               : loaded 2 times (x 70B)
Class jdk.internal.jimage.decompressor.ResourceDecompressorRepository                 : loaded 2 times (x 71B)
Class jdk.internal.jimage.ImageReader$Directory                                       : loaded 2 times (x 84B)
Class org.gradle.internal.classloader.VisitableURLClassLoader$InstrumentingVisitableURLClassLoader: loaded 2 times (x 123B)
Class org.gradle.internal.classloader.VisitableURLClassLoader$Spec                    : loaded 2 times (x 74B)
Class org.gradle.internal.classpath.DefaultClassPath                                  : loaded 2 times (x 90B)
Class jdk.internal.jimage.decompressor.ZipDecompressorFactory                         : loaded 2 times (x 74B)
Class org.gradle.internal.classloader.ClassLoaderSpec                                 : loaded 2 times (x 71B)
Class Settings_gradle$1$1                                                             : loaded 2 times (x 74B)
Class org.gradle.internal.classloader.VisitableURLClassLoader                         : loaded 2 times (x 117B)
Class Settings_gradle                                                                 : loaded 2 times (x 128B)
Class org.gradle.internal.Cast                                                        : loaded 2 times (x 71B)
Class org.gradle.api.Action                                                           : loaded 2 times (x 70B)
Class jdk.internal.jimage.decompressor.ZipDecompressor                                : loaded 2 times (x 75B)
Class org.gradle.internal.classpath.DefaultClassPath$ImmutableUniqueList$Builder      : loaded 2 times (x 75B)
Class org.gradle.api.GradleException                                                  : loaded 2 times (x 82B)
Class jdk.internal.jimage.ImageStrings                                                : loaded 2 times (x 70B)
Class ijKotlinCoroutineJvmDebugInit1_19gxhokaq8qi6clrquere5qth$_run_closure1          : loaded 2 times (x 139B)
Class org.gradle.internal.IoActions                                                   : loaded 2 times (x 71B)
Class org.gradle.internal.classloader.SystemClassLoaderSpec                           : loaded 2 times (x 71B)
Class jdk.internal.jrtfs.JrtFileSystem                                                : loaded 2 times (x 102B)
Class jdk.internal.jimage.decompressor.CompressedResourceHeader                       : loaded 2 times (x 71B)
Class ijKotlinCoroutineJvmDebugInit1_19gxhokaq8qi6clrquere5qth                        : loaded 2 times (x 179B)
Class org.gradle.api.internal.classpath.GlobalCacheRootsProvider                      : loaded 2 times (x 70B)
Class ijJvmDebugger1_7yarstg41wefzo0ju5bs6om7e                                        : loaded 2 times (x 179B)
Class org.gradle.internal.installation.CurrentGradleInstallationLocator               : loaded 2 times (x 71B)
Class org.gradle.internal.service.DefaultServiceLocator                               : loaded 2 times (x 83B)
Class jdk.internal.jrtfs.JrtDirectoryStream                                           : loaded 2 times (x 89B)
Class org.gradle.internal.installation.CurrentGradleInstallation                      : loaded 2 times (x 73B)
Class org.gradle.util.internal.GUtil                                                  : loaded 2 times (x 71B)
Class org.gradle.internal.installation.GradleInstallation                             : loaded 2 times (x 75B)
Class jdk.internal.jimage.decompressor.ResourceDecompressor$StringsProvider           : loaded 2 times (x 70B)

---------------  S Y S T E M  ---------------

OS:
 Windows 11 , 64 bit Build 26100 (10.0.26100.7019)
OS uptime: 8 days 0:20 hours
Hyper-V role detected

CPU: total 8 (initial active 8) (4 cores per cpu, 2 threads per core) family 6 model 142 stepping 10 microcode 0xf0, cx8, cmov, fxsr, ht, mmx, 3dnowpref, sse, sse2, sse3, ssse3, sse4.1, sse4.2, popcnt, lzcnt, tsc, tscinvbit, avx, avx2, aes, erms, clmul, bmi1, bmi2, adx, fma, vzeroupper, clflush, clflushopt, hv, rdtscp, f16c
Processor Information for the first 8 processors :
  Max Mhz: 1800, Current Mhz: 1600, Mhz Limit: 1584

Memory: 4k page, system-wide physical 8083M (495M free)
TotalPageFile size 21785M (AvailPageFile size 0M)
current process WorkingSet (physical memory assigned to process): 436M, peak: 450M
current process commit charge ("private bytes"): 504M, peak: 505M

vm_info: OpenJDK 64-Bit Server VM (21.0.8+-14196175-b1038.72) for windows-amd64 JRE (21.0.8+-14196175-b1038.72), built on 2025-10-01T10:24:33Z by "builder" with MS VC++ 16.10 / 16.11 (VS2019)

END.
